[0.000000] (-) TimerEvent: {}
[0.000573] (rplidar_ros) JobQueued: {'identifier': 'rplidar_ros', 'dependencies': OrderedDict()}
[0.000641] (sllidar_ros2) JobQueued: {'identifier': 'sllidar_ros2', 'dependencies': OrderedDict()}
[0.000672] (cube_localizer) JobQueued: {'identifier': 'cube_localizer', 'dependencies': OrderedDict([('sllidar_ros2', '/home/nvidia/ros_rlr/install/sllidar_ros2')])}
[0.001315] (sllidar_ros2) JobStarted: {'identifier': 'sllidar_ros2'}
[0.012130] (rplidar_ros) JobStarted: {'identifier': 'rplidar_ros'}
[0.017726] (sllidar_ros2) JobProgress: {'identifier': 'sllidar_ros2', 'progress': 'cmake'}
[0.017934] (sllidar_ros2) Command: {'cmd': ['/usr/bin/cmake', '/home/nvidia/ros_rlr/src/sllidar_ros2', '-DCMAKE_INSTALL_PREFIX=/home/nvidia/ros_rlr/install/sllidar_ros2'], 'cwd': '/home/nvidia/ros_rlr/build/sllidar_ros2', 'env': OrderedDict([('LESSOPEN', '| /usr/bin/lesspipe %s'), ('USER', 'nvidia'), ('SSH_AGENT_PID', '1509'), ('XDG_SESSION_TYPE', 'x11'), ('GIT_ASKPASS', '/usr/share/code/resources/app/extensions/git/dist/askpass.sh'), ('SHLVL', '2'), ('LD_LIBRARY_PATH', '/home/nvidia/ros_rlr/install/rplidar_ros/lib:/home/nvidia/ros_rlr/install/micro_ros_agent/lib:/home/nvidia/ros_rlr/install/micro_ros_msgs/lib:/opt/ros/humble/opt/rviz_ogre_vendor/lib:/opt/ros/humble/lib/x86_64-linux-gnu:/opt/ros/humble/lib'), ('HOME', '/home/nvidia'), ('CHROME_DESKTOP', 'code.desktop'), ('TERM_PROGRAM_VERSION', '1.95.1'), ('PANEL_GDK_CORE_DEVICE_EVENTS', '0'), ('ROS_PYTHON_VERSION', '3'), ('GTK_MODULES', 'gail:atk-bridge'), ('VSCODE_GIT_ASKPASS_MAIN', '/usr/share/code/resources/app/extensions/git/dist/askpass-main.js'), ('VSCODE_GIT_ASKPASS_NODE', '/usr/share/code/code'), ('XRDP_PULSE_SOURCE_SOCKET', 'xrdp_chansrv_audio_in_socket_10'), ('XRDP_PULSE_SINK_SOCKET', 'xrdp_chansrv_audio_out_socket_10'), ('DBUS_SESSION_BUS_ADDRESS', 'unix:path=/run/user/1000/bus'), ('COLORTERM', 'truecolor'), ('PULSE_SCRIPT', '/etc/xrdp/pulse/default.pa'), ('COLCON_PREFIX_PATH', '/home/nvidia/ros_rlr/install'), ('ROS_DISTRO', 'humble'), ('GTK_IM_MODULE', 'ibus'), ('LOGNAME', 'nvidia'), ('_', '/usr/bin/colcon'), ('ROS_VERSION', '2'), ('XDG_SESSION_CLASS', 'user'), ('TERM', 'xterm-256color'), ('XDG_SESSION_ID', 'c3'), ('ROS_LOCALHOST_ONLY', '0'), ('PATH', '/opt/ros/humble/bin:/usr/local/sbin:/usr/local/bin:/usr/sbin:/usr/bin:/sbin:/bin:/usr/games:/usr/local/games:/snap/bin:/home/nvidia/.platformio/penv/bin:/home/nvidia/.platformio/penv/bin:/home/nvidia/.platformio/penv/bin:/home/nvidia/.platformio/penv/bin'), ('SESSION_MANAGER', 'local/IR:@/tmp/.ICE-unix/1527,unix/IR:/tmp/.ICE-unix/1527'), ('XRDP_SOCKET_PATH', '/run/xrdp/sockdir'), ('XDG_RUNTIME_DIR', '/run/user/1000'), ('GDK_BACKEND', 'x11'), ('DISPLAY', ':10.0'), ('LANG', 'en_US.UTF-8'), ('XMODIFIERS', '@im=ibus'), ('LS_COLORS', 'rs=0:di=01;34:ln=01;36:mh=00:pi=40;33:so=01;35:do=01;35:bd=40;33;01:cd=40;33;01:or=40;31;01:mi=00:su=37;41:sg=30;43:ca=30;41:tw=30;42:ow=34;42:st=37;44:ex=01;32:*.tar=01;31:*.tgz=01;31:*.arc=01;31:*.arj=01;31:*.taz=01;31:*.lha=01;31:*.lz4=01;31:*.lzh=01;31:*.lzma=01;31:*.tlz=01;31:*.txz=01;31:*.tzo=01;31:*.t7z=01;31:*.zip=01;31:*.z=01;31:*.dz=01;31:*.gz=01;31:*.lrz=01;31:*.lz=01;31:*.lzo=01;31:*.xz=01;31:*.zst=01;31:*.tzst=01;31:*.bz2=01;31:*.bz=01;31:*.tbz=01;31:*.tbz2=01;31:*.tz=01;31:*.deb=01;31:*.rpm=01;31:*.jar=01;31:*.war=01;31:*.ear=01;31:*.sar=01;31:*.rar=01;31:*.alz=01;31:*.ace=01;31:*.zoo=01;31:*.cpio=01;31:*.7z=01;31:*.rz=01;31:*.cab=01;31:*.wim=01;31:*.swm=01;31:*.dwm=01;31:*.esd=01;31:*.jpg=01;35:*.jpeg=01;35:*.mjpg=01;35:*.mjpeg=01;35:*.gif=01;35:*.bmp=01;35:*.pbm=01;35:*.pgm=01;35:*.ppm=01;35:*.tga=01;35:*.xbm=01;35:*.xpm=01;35:*.tif=01;35:*.tiff=01;35:*.png=01;35:*.svg=01;35:*.svgz=01;35:*.mng=01;35:*.pcx=01;35:*.mov=01;35:*.mpg=01;35:*.mpeg=01;35:*.m2v=01;35:*.mkv=01;35:*.webm=01;35:*.webp=01;35:*.ogm=01;35:*.mp4=01;35:*.m4v=01;35:*.mp4v=01;35:*.vob=01;35:*.qt=01;35:*.nuv=01;35:*.wmv=01;35:*.asf=01;35:*.rm=01;35:*.rmvb=01;35:*.flc=01;35:*.avi=01;35:*.fli=01;35:*.flv=01;35:*.gl=01;35:*.dl=01;35:*.xcf=01;35:*.xwd=01;35:*.yuv=01;35:*.cgm=01;35:*.emf=01;35:*.ogv=01;35:*.ogx=01;35:*.aac=00;36:*.au=00;36:*.flac=00;36:*.m4a=00;36:*.mid=00;36:*.midi=00;36:*.mka=00;36:*.mp3=00;36:*.mpc=00;36:*.ogg=00;36:*.ra=00;36:*.wav=00;36:*.oga=00;36:*.opus=00;36:*.spx=00;36:*.xspf=00;36:'), ('VSCODE_GIT_IPC_HANDLE', '/run/user/1000/vscode-git-a1e06648de.sock'), ('TERM_PROGRAM', 'vscode'), ('SSH_AUTH_SOCK', '/tmp/ssh-XXXXXXYlVsRw/agent.1370'), ('AMENT_PREFIX_PATH', '/home/nvidia/ros_rlr/install/cube_localizer:/home/nvidia/ros_rlr/install/sllidar_ros2:/home/nvidia/ros_rlr/install/rplidar_ros:/home/nvidia/ros_rlr/install/micro_ros_setup:/home/nvidia/ros_rlr/install/micro_ros_agent:/home/nvidia/ros_rlr/install/micro_ros_msgs:/opt/ros/humble'), ('ORIGINAL_XDG_CURRENT_DESKTOP', 'undefined'), ('UID', '1000'), ('SHELL', '/bin/bash'), ('QT_ACCESSIBILITY', '1'), ('LESSCLOSE', '/usr/bin/lesspipe %s %s'), ('XRDP_SESSION', '1'), ('VSCODE_GIT_ASKPASS_EXTRA_ARGS', ''), ('QT_IM_MODULE', 'ibus'), ('PWD', '/home/nvidia/ros_rlr/build/sllidar_ros2'), ('LC_ALL', 'en_US.UTF-8'), ('CLUTTER_IM_MODULE', 'ibus'), ('XDG_DATA_DIRS', '/usr/share/gnome:/usr/local/share:/usr/share:/var/lib/snapd/desktop'), ('PYTHONPATH', '/home/nvidia/ros_rlr/install/cube_localizer/lib/python3.10/site-packages:/home/nvidia/ros_rlr/install/micro_ros_msgs/local/lib/python3.10/dist-packages:/opt/ros/humble/lib/python3.10/site-packages:/opt/ros/humble/local/lib/python3.10/dist-packages'), ('COLCON', '1'), ('CMAKE_PREFIX_PATH', '/home/nvidia/ros_rlr/install/sllidar_ros2:/home/nvidia/ros_rlr/install/rplidar_ros:/home/nvidia/ros_rlr/install/micro_ros_setup:/home/nvidia/ros_rlr/install/micro_ros_agent:/home/nvidia/ros_rlr/install/micro_ros_msgs:/home/nvidia/ros_rlr/install/cube_localizer:/opt/ros/humble')]), 'shell': False}
[0.032526] (rplidar_ros) JobProgress: {'identifier': 'rplidar_ros', 'progress': 'cmake'}
[0.033215] (rplidar_ros) Command: {'cmd': ['/usr/bin/cmake', '/home/nvidia/ros_rlr/src/rplidar_ros2', '-DCMAKE_INSTALL_PREFIX=/home/nvidia/ros_rlr/install/rplidar_ros'], 'cwd': '/home/nvidia/ros_rlr/build/rplidar_ros', 'env': OrderedDict([('LESSOPEN', '| /usr/bin/lesspipe %s'), ('USER', 'nvidia'), ('SSH_AGENT_PID', '1509'), ('XDG_SESSION_TYPE', 'x11'), ('GIT_ASKPASS', '/usr/share/code/resources/app/extensions/git/dist/askpass.sh'), ('SHLVL', '2'), ('LD_LIBRARY_PATH', '/home/nvidia/ros_rlr/install/rplidar_ros/lib:/home/nvidia/ros_rlr/install/micro_ros_agent/lib:/home/nvidia/ros_rlr/install/micro_ros_msgs/lib:/opt/ros/humble/opt/rviz_ogre_vendor/lib:/opt/ros/humble/lib/x86_64-linux-gnu:/opt/ros/humble/lib'), ('HOME', '/home/nvidia'), ('CHROME_DESKTOP', 'code.desktop'), ('TERM_PROGRAM_VERSION', '1.95.1'), ('PANEL_GDK_CORE_DEVICE_EVENTS', '0'), ('ROS_PYTHON_VERSION', '3'), ('GTK_MODULES', 'gail:atk-bridge'), ('VSCODE_GIT_ASKPASS_MAIN', '/usr/share/code/resources/app/extensions/git/dist/askpass-main.js'), ('VSCODE_GIT_ASKPASS_NODE', '/usr/share/code/code'), ('XRDP_PULSE_SOURCE_SOCKET', 'xrdp_chansrv_audio_in_socket_10'), ('XRDP_PULSE_SINK_SOCKET', 'xrdp_chansrv_audio_out_socket_10'), ('DBUS_SESSION_BUS_ADDRESS', 'unix:path=/run/user/1000/bus'), ('COLORTERM', 'truecolor'), ('PULSE_SCRIPT', '/etc/xrdp/pulse/default.pa'), ('COLCON_PREFIX_PATH', '/home/nvidia/ros_rlr/install'), ('ROS_DISTRO', 'humble'), ('GTK_IM_MODULE', 'ibus'), ('LOGNAME', 'nvidia'), ('_', '/usr/bin/colcon'), ('ROS_VERSION', '2'), ('XDG_SESSION_CLASS', 'user'), ('TERM', 'xterm-256color'), ('XDG_SESSION_ID', 'c3'), ('ROS_LOCALHOST_ONLY', '0'), ('PATH', '/opt/ros/humble/bin:/usr/local/sbin:/usr/local/bin:/usr/sbin:/usr/bin:/sbin:/bin:/usr/games:/usr/local/games:/snap/bin:/home/nvidia/.platformio/penv/bin:/home/nvidia/.platformio/penv/bin:/home/nvidia/.platformio/penv/bin:/home/nvidia/.platformio/penv/bin'), ('SESSION_MANAGER', 'local/IR:@/tmp/.ICE-unix/1527,unix/IR:/tmp/.ICE-unix/1527'), ('XRDP_SOCKET_PATH', '/run/xrdp/sockdir'), ('XDG_RUNTIME_DIR', '/run/user/1000'), ('GDK_BACKEND', 'x11'), ('DISPLAY', ':10.0'), ('LANG', 'en_US.UTF-8'), ('XMODIFIERS', '@im=ibus'), ('LS_COLORS', 'rs=0:di=01;34:ln=01;36:mh=00:pi=40;33:so=01;35:do=01;35:bd=40;33;01:cd=40;33;01:or=40;31;01:mi=00:su=37;41:sg=30;43:ca=30;41:tw=30;42:ow=34;42:st=37;44:ex=01;32:*.tar=01;31:*.tgz=01;31:*.arc=01;31:*.arj=01;31:*.taz=01;31:*.lha=01;31:*.lz4=01;31:*.lzh=01;31:*.lzma=01;31:*.tlz=01;31:*.txz=01;31:*.tzo=01;31:*.t7z=01;31:*.zip=01;31:*.z=01;31:*.dz=01;31:*.gz=01;31:*.lrz=01;31:*.lz=01;31:*.lzo=01;31:*.xz=01;31:*.zst=01;31:*.tzst=01;31:*.bz2=01;31:*.bz=01;31:*.tbz=01;31:*.tbz2=01;31:*.tz=01;31:*.deb=01;31:*.rpm=01;31:*.jar=01;31:*.war=01;31:*.ear=01;31:*.sar=01;31:*.rar=01;31:*.alz=01;31:*.ace=01;31:*.zoo=01;31:*.cpio=01;31:*.7z=01;31:*.rz=01;31:*.cab=01;31:*.wim=01;31:*.swm=01;31:*.dwm=01;31:*.esd=01;31:*.jpg=01;35:*.jpeg=01;35:*.mjpg=01;35:*.mjpeg=01;35:*.gif=01;35:*.bmp=01;35:*.pbm=01;35:*.pgm=01;35:*.ppm=01;35:*.tga=01;35:*.xbm=01;35:*.xpm=01;35:*.tif=01;35:*.tiff=01;35:*.png=01;35:*.svg=01;35:*.svgz=01;35:*.mng=01;35:*.pcx=01;35:*.mov=01;35:*.mpg=01;35:*.mpeg=01;35:*.m2v=01;35:*.mkv=01;35:*.webm=01;35:*.webp=01;35:*.ogm=01;35:*.mp4=01;35:*.m4v=01;35:*.mp4v=01;35:*.vob=01;35:*.qt=01;35:*.nuv=01;35:*.wmv=01;35:*.asf=01;35:*.rm=01;35:*.rmvb=01;35:*.flc=01;35:*.avi=01;35:*.fli=01;35:*.flv=01;35:*.gl=01;35:*.dl=01;35:*.xcf=01;35:*.xwd=01;35:*.yuv=01;35:*.cgm=01;35:*.emf=01;35:*.ogv=01;35:*.ogx=01;35:*.aac=00;36:*.au=00;36:*.flac=00;36:*.m4a=00;36:*.mid=00;36:*.midi=00;36:*.mka=00;36:*.mp3=00;36:*.mpc=00;36:*.ogg=00;36:*.ra=00;36:*.wav=00;36:*.oga=00;36:*.opus=00;36:*.spx=00;36:*.xspf=00;36:'), ('VSCODE_GIT_IPC_HANDLE', '/run/user/1000/vscode-git-a1e06648de.sock'), ('TERM_PROGRAM', 'vscode'), ('SSH_AUTH_SOCK', '/tmp/ssh-XXXXXXYlVsRw/agent.1370'), ('AMENT_PREFIX_PATH', '/home/nvidia/ros_rlr/install/cube_localizer:/home/nvidia/ros_rlr/install/sllidar_ros2:/home/nvidia/ros_rlr/install/rplidar_ros:/home/nvidia/ros_rlr/install/micro_ros_setup:/home/nvidia/ros_rlr/install/micro_ros_agent:/home/nvidia/ros_rlr/install/micro_ros_msgs:/opt/ros/humble'), ('ORIGINAL_XDG_CURRENT_DESKTOP', 'undefined'), ('UID', '1000'), ('SHELL', '/bin/bash'), ('QT_ACCESSIBILITY', '1'), ('LESSCLOSE', '/usr/bin/lesspipe %s %s'), ('XRDP_SESSION', '1'), ('VSCODE_GIT_ASKPASS_EXTRA_ARGS', ''), ('QT_IM_MODULE', 'ibus'), ('PWD', '/home/nvidia/ros_rlr/build/rplidar_ros'), ('LC_ALL', 'en_US.UTF-8'), ('CLUTTER_IM_MODULE', 'ibus'), ('XDG_DATA_DIRS', '/usr/share/gnome:/usr/local/share:/usr/share:/var/lib/snapd/desktop'), ('PYTHONPATH', '/home/nvidia/ros_rlr/install/cube_localizer/lib/python3.10/site-packages:/home/nvidia/ros_rlr/install/micro_ros_msgs/local/lib/python3.10/dist-packages:/opt/ros/humble/lib/python3.10/site-packages:/opt/ros/humble/local/lib/python3.10/dist-packages'), ('COLCON', '1'), ('CMAKE_PREFIX_PATH', '/home/nvidia/ros_rlr/install/sllidar_ros2:/home/nvidia/ros_rlr/install/rplidar_ros:/home/nvidia/ros_rlr/install/micro_ros_setup:/home/nvidia/ros_rlr/install/micro_ros_agent:/home/nvidia/ros_rlr/install/micro_ros_msgs:/home/nvidia/ros_rlr/install/cube_localizer:/opt/ros/humble')]), 'shell': False}
[0.099968] (-) TimerEvent: {}
[0.101115] (sllidar_ros2) StdoutLine: {'line': b'-- The C compiler identification is GNU 11.4.0\n'}
[0.112282] (rplidar_ros) StdoutLine: {'line': b'-- The C compiler identification is GNU 11.4.0\n'}
[0.203405] (-) TimerEvent: {}
[0.248194] (rplidar_ros) StdoutLine: {'line': b'-- The CXX compiler identification is GNU 11.4.0\n'}
[0.248430] (sllidar_ros2) StdoutLine: {'line': b'-- The CXX compiler identification is GNU 11.4.0\n'}
[0.261845] (sllidar_ros2) StdoutLine: {'line': b'-- Detecting C compiler ABI info\n'}
[0.262095] (rplidar_ros) StdoutLine: {'line': b'-- Detecting C compiler ABI info\n'}
[0.303523] (-) TimerEvent: {}
[0.408143] (-) TimerEvent: {}
[0.418680] (rplidar_ros) StdoutLine: {'line': b'-- Detecting C compiler ABI info - done\n'}
[0.432271] (sllidar_ros2) StdoutLine: {'line': b'-- Detecting C compiler ABI info - done\n'}
[0.432501] (rplidar_ros) StdoutLine: {'line': b'-- Check for working C compiler: /usr/bin/cc - skipped\n'}
[0.432632] (rplidar_ros) StdoutLine: {'line': b'-- Detecting C compile features\n'}
[0.432790] (rplidar_ros) StdoutLine: {'line': b'-- Detecting C compile features - done\n'}
[0.440219] (rplidar_ros) StdoutLine: {'line': b'-- Detecting CXX compiler ABI info\n'}
[0.454662] (sllidar_ros2) StdoutLine: {'line': b'-- Check for working C compiler: /usr/bin/cc - skipped\n'}
[0.454980] (sllidar_ros2) StdoutLine: {'line': b'-- Detecting C compile features\n'}
[0.456806] (sllidar_ros2) StdoutLine: {'line': b'-- Detecting C compile features - done\n'}
[0.469306] (sllidar_ros2) StdoutLine: {'line': b'-- Detecting CXX compiler ABI info\n'}
[0.509559] (-) TimerEvent: {}
[0.579558] (rplidar_ros) StdoutLine: {'line': b'-- Detecting CXX compiler ABI info - done\n'}
[0.606215] (rplidar_ros) StdoutLine: {'line': b'-- Check for working CXX compiler: /usr/bin/c++ - skipped\n'}
[0.606536] (rplidar_ros) StdoutLine: {'line': b'-- Detecting CXX compile features\n'}
[0.607134] (rplidar_ros) StdoutLine: {'line': b'-- Detecting CXX compile features - done\n'}
[0.609672] (-) TimerEvent: {}
[0.613118] (rplidar_ros) StdoutLine: {'line': b'-- Found ament_cmake_auto: 1.3.10 (/opt/ros/humble/share/ament_cmake_auto/cmake)\n'}
[0.613344] (sllidar_ros2) StdoutLine: {'line': b'-- Detecting CXX compiler ABI info - done\n'}
[0.629240] (sllidar_ros2) StdoutLine: {'line': b'-- Check for working CXX compiler: /usr/bin/c++ - skipped\n'}
[0.629599] (sllidar_ros2) StdoutLine: {'line': b'-- Detecting CXX compile features\n'}
[0.631346] (sllidar_ros2) StdoutLine: {'line': b'-- Detecting CXX compile features - done\n'}
[0.636233] (sllidar_ros2) StdoutLine: {'line': b'-- Found ament_cmake: 1.3.10 (/opt/ros/humble/share/ament_cmake/cmake)\n'}
[0.710703] (-) TimerEvent: {}
[0.811986] (-) TimerEvent: {}
[0.832539] (rplidar_ros) StdoutLine: {'line': b'-- Found Python3: /usr/bin/python3 (found version "3.10.12") found components: Interpreter \n'}
[0.842362] (sllidar_ros2) StdoutLine: {'line': b'-- Found Python3: /usr/bin/python3 (found version "3.10.12") found components: Interpreter \n'}
[0.912110] (-) TimerEvent: {}
[0.971871] (sllidar_ros2) StdoutLine: {'line': b'-- Found rclcpp: 16.0.10 (/opt/ros/humble/share/rclcpp/cmake)\n'}
[0.973578] (rplidar_ros) StdoutLine: {'line': b'-- Found ament_cmake_ros: 0.10.0 (/opt/ros/humble/share/ament_cmake_ros/cmake)\n'}
[1.012804] (-) TimerEvent: {}
[1.052124] (sllidar_ros2) StdoutLine: {'line': b'-- Found rosidl_generator_c: 3.1.5 (/opt/ros/humble/share/rosidl_generator_c/cmake)\n'}
[1.058366] (sllidar_ros2) StdoutLine: {'line': b'-- Found rosidl_adapter: 3.1.5 (/opt/ros/humble/share/rosidl_adapter/cmake)\n'}
[1.075917] (sllidar_ros2) StdoutLine: {'line': b'-- Found rosidl_generator_cpp: 3.1.5 (/opt/ros/humble/share/rosidl_generator_cpp/cmake)\n'}
[1.099475] (sllidar_ros2) StdoutLine: {'line': b'-- Using all available rosidl_typesupport_c: rosidl_typesupport_fastrtps_c;rosidl_typesupport_introspection_c\n'}
[1.112929] (-) TimerEvent: {}
[1.119764] (rplidar_ros) StdoutLine: {'line': b'-- Found rosidl_generator_c: 3.1.5 (/opt/ros/humble/share/rosidl_generator_c/cmake)\n'}
[1.125467] (rplidar_ros) StdoutLine: {'line': b'-- Found rosidl_adapter: 3.1.5 (/opt/ros/humble/share/rosidl_adapter/cmake)\n'}
[1.129905] (sllidar_ros2) StdoutLine: {'line': b'-- Using all available rosidl_typesupport_cpp: rosidl_typesupport_fastrtps_cpp;rosidl_typesupport_introspection_cpp\n'}
[1.135967] (rplidar_ros) StdoutLine: {'line': b'-- Found rosidl_generator_cpp: 3.1.5 (/opt/ros/humble/share/rosidl_generator_cpp/cmake)\n'}
[1.150593] (rplidar_ros) StdoutLine: {'line': b'-- Using all available rosidl_typesupport_c: rosidl_typesupport_fastrtps_c;rosidl_typesupport_introspection_c\n'}
[1.169979] (rplidar_ros) StdoutLine: {'line': b'-- Using all available rosidl_typesupport_cpp: rosidl_typesupport_fastrtps_cpp;rosidl_typesupport_introspection_cpp\n'}
[1.207595] (sllidar_ros2) StdoutLine: {'line': b'-- Found rmw_implementation_cmake: 6.1.2 (/opt/ros/humble/share/rmw_implementation_cmake/cmake)\n'}
[1.212830] (sllidar_ros2) StdoutLine: {'line': b'-- Found rmw_fastrtps_cpp: 6.2.7 (/opt/ros/humble/share/rmw_fastrtps_cpp/cmake)\n'}
[1.213081] (-) TimerEvent: {}
[1.220417] (rplidar_ros) StdoutLine: {'line': b'-- Found rmw_implementation_cmake: 6.1.2 (/opt/ros/humble/share/rmw_implementation_cmake/cmake)\n'}
[1.224228] (rplidar_ros) StdoutLine: {'line': b'-- Found rmw_fastrtps_cpp: 6.2.7 (/opt/ros/humble/share/rmw_fastrtps_cpp/cmake)\n'}
[1.313208] (-) TimerEvent: {}
[1.336228] (rplidar_ros) StdoutLine: {'line': b'-- Found OpenSSL: /usr/lib/x86_64-linux-gnu/libcrypto.so (found version "3.0.2")  \n'}
[1.337246] (sllidar_ros2) StdoutLine: {'line': b'-- Found OpenSSL: /usr/lib/x86_64-linux-gnu/libcrypto.so (found version "3.0.2")  \n'}
[1.370347] (sllidar_ros2) StdoutLine: {'line': b'-- Found FastRTPS: /opt/ros/humble/include  \n'}
[1.372449] (rplidar_ros) StdoutLine: {'line': b'-- Found FastRTPS: /opt/ros/humble/include  \n'}
[1.414206] (-) TimerEvent: {}
[1.419928] (sllidar_ros2) StdoutLine: {'line': b"-- Using RMW implementation 'rmw_fastrtps_cpp' as default\n"}
[1.420881] (rplidar_ros) StdoutLine: {'line': b"-- Using RMW implementation 'rmw_fastrtps_cpp' as default\n"}
[1.434389] (rplidar_ros) StdoutLine: {'line': b'-- Looking for pthread.h\n'}
[1.436171] (sllidar_ros2) StdoutLine: {'line': b'-- Looking for pthread.h\n'}
[1.514333] (-) TimerEvent: {}
[1.532788] (sllidar_ros2) StdoutLine: {'line': b'-- Looking for pthread.h - found\n'}
[1.532995] (sllidar_ros2) StdoutLine: {'line': b'-- Performing Test CMAKE_HAVE_LIBC_PTHREAD\n'}
[1.535309] (rplidar_ros) StdoutLine: {'line': b'-- Looking for pthread.h - found\n'}
[1.535532] (rplidar_ros) StdoutLine: {'line': b'-- Performing Test CMAKE_HAVE_LIBC_PTHREAD\n'}
[1.615206] (-) TimerEvent: {}
[1.627728] (sllidar_ros2) StdoutLine: {'line': b'-- Performing Test CMAKE_HAVE_LIBC_PTHREAD - Success\n'}
[1.631359] (sllidar_ros2) StdoutLine: {'line': b'-- Found Threads: TRUE  \n'}
[1.633311] (rplidar_ros) StdoutLine: {'line': b'-- Performing Test CMAKE_HAVE_LIBC_PTHREAD - Success\n'}
[1.634983] (rplidar_ros) StdoutLine: {'line': b'-- Found Threads: TRUE  \n'}
[1.715320] (-) TimerEvent: {}
[1.722996] (sllidar_ros2) StdoutLine: {'line': b'-- Found sensor_msgs: 4.2.4 (/opt/ros/humble/share/sensor_msgs/cmake)\n'}
[1.780643] (sllidar_ros2) StdoutLine: {'line': b'-- Found std_srvs: 4.2.4 (/opt/ros/humble/share/std_srvs/cmake)\n'}
[1.815431] (-) TimerEvent: {}
[1.870909] (rplidar_ros) StdoutLine: {'line': b'-- Configuring done\n'}
[1.895631] (rplidar_ros) StdoutLine: {'line': b'-- Generating done\n'}
[1.895877] (sllidar_ros2) StdoutLine: {'line': b'-- Configuring done\n'}
[1.896100] (rplidar_ros) StdoutLine: {'line': b'-- Build files have been written to: /home/nvidia/ros_rlr/build/rplidar_ros\n'}
[1.908166] (rplidar_ros) CommandEnded: {'returncode': 0}
[1.910869] (rplidar_ros) JobProgress: {'identifier': 'rplidar_ros', 'progress': 'build'}
[1.910913] (rplidar_ros) Command: {'cmd': ['/usr/bin/cmake', '--build', '/home/nvidia/ros_rlr/build/rplidar_ros', '--', '-j4', '-l4'], 'cwd': '/home/nvidia/ros_rlr/build/rplidar_ros', 'env': OrderedDict([('LESSOPEN', '| /usr/bin/lesspipe %s'), ('USER', 'nvidia'), ('SSH_AGENT_PID', '1509'), ('XDG_SESSION_TYPE', 'x11'), ('GIT_ASKPASS', '/usr/share/code/resources/app/extensions/git/dist/askpass.sh'), ('SHLVL', '2'), ('LD_LIBRARY_PATH', '/home/nvidia/ros_rlr/install/rplidar_ros/lib:/home/nvidia/ros_rlr/install/micro_ros_agent/lib:/home/nvidia/ros_rlr/install/micro_ros_msgs/lib:/opt/ros/humble/opt/rviz_ogre_vendor/lib:/opt/ros/humble/lib/x86_64-linux-gnu:/opt/ros/humble/lib'), ('HOME', '/home/nvidia'), ('CHROME_DESKTOP', 'code.desktop'), ('TERM_PROGRAM_VERSION', '1.95.1'), ('PANEL_GDK_CORE_DEVICE_EVENTS', '0'), ('ROS_PYTHON_VERSION', '3'), ('GTK_MODULES', 'gail:atk-bridge'), ('VSCODE_GIT_ASKPASS_MAIN', '/usr/share/code/resources/app/extensions/git/dist/askpass-main.js'), ('VSCODE_GIT_ASKPASS_NODE', '/usr/share/code/code'), ('XRDP_PULSE_SOURCE_SOCKET', 'xrdp_chansrv_audio_in_socket_10'), ('XRDP_PULSE_SINK_SOCKET', 'xrdp_chansrv_audio_out_socket_10'), ('DBUS_SESSION_BUS_ADDRESS', 'unix:path=/run/user/1000/bus'), ('COLORTERM', 'truecolor'), ('PULSE_SCRIPT', '/etc/xrdp/pulse/default.pa'), ('COLCON_PREFIX_PATH', '/home/nvidia/ros_rlr/install'), ('ROS_DISTRO', 'humble'), ('GTK_IM_MODULE', 'ibus'), ('LOGNAME', 'nvidia'), ('_', '/usr/bin/colcon'), ('ROS_VERSION', '2'), ('XDG_SESSION_CLASS', 'user'), ('TERM', 'xterm-256color'), ('XDG_SESSION_ID', 'c3'), ('ROS_LOCALHOST_ONLY', '0'), ('PATH', '/opt/ros/humble/bin:/usr/local/sbin:/usr/local/bin:/usr/sbin:/usr/bin:/sbin:/bin:/usr/games:/usr/local/games:/snap/bin:/home/nvidia/.platformio/penv/bin:/home/nvidia/.platformio/penv/bin:/home/nvidia/.platformio/penv/bin:/home/nvidia/.platformio/penv/bin'), ('SESSION_MANAGER', 'local/IR:@/tmp/.ICE-unix/1527,unix/IR:/tmp/.ICE-unix/1527'), ('XRDP_SOCKET_PATH', '/run/xrdp/sockdir'), ('XDG_RUNTIME_DIR', '/run/user/1000'), ('GDK_BACKEND', 'x11'), ('DISPLAY', ':10.0'), ('LANG', 'en_US.UTF-8'), ('XMODIFIERS', '@im=ibus'), ('LS_COLORS', 'rs=0:di=01;34:ln=01;36:mh=00:pi=40;33:so=01;35:do=01;35:bd=40;33;01:cd=40;33;01:or=40;31;01:mi=00:su=37;41:sg=30;43:ca=30;41:tw=30;42:ow=34;42:st=37;44:ex=01;32:*.tar=01;31:*.tgz=01;31:*.arc=01;31:*.arj=01;31:*.taz=01;31:*.lha=01;31:*.lz4=01;31:*.lzh=01;31:*.lzma=01;31:*.tlz=01;31:*.txz=01;31:*.tzo=01;31:*.t7z=01;31:*.zip=01;31:*.z=01;31:*.dz=01;31:*.gz=01;31:*.lrz=01;31:*.lz=01;31:*.lzo=01;31:*.xz=01;31:*.zst=01;31:*.tzst=01;31:*.bz2=01;31:*.bz=01;31:*.tbz=01;31:*.tbz2=01;31:*.tz=01;31:*.deb=01;31:*.rpm=01;31:*.jar=01;31:*.war=01;31:*.ear=01;31:*.sar=01;31:*.rar=01;31:*.alz=01;31:*.ace=01;31:*.zoo=01;31:*.cpio=01;31:*.7z=01;31:*.rz=01;31:*.cab=01;31:*.wim=01;31:*.swm=01;31:*.dwm=01;31:*.esd=01;31:*.jpg=01;35:*.jpeg=01;35:*.mjpg=01;35:*.mjpeg=01;35:*.gif=01;35:*.bmp=01;35:*.pbm=01;35:*.pgm=01;35:*.ppm=01;35:*.tga=01;35:*.xbm=01;35:*.xpm=01;35:*.tif=01;35:*.tiff=01;35:*.png=01;35:*.svg=01;35:*.svgz=01;35:*.mng=01;35:*.pcx=01;35:*.mov=01;35:*.mpg=01;35:*.mpeg=01;35:*.m2v=01;35:*.mkv=01;35:*.webm=01;35:*.webp=01;35:*.ogm=01;35:*.mp4=01;35:*.m4v=01;35:*.mp4v=01;35:*.vob=01;35:*.qt=01;35:*.nuv=01;35:*.wmv=01;35:*.asf=01;35:*.rm=01;35:*.rmvb=01;35:*.flc=01;35:*.avi=01;35:*.fli=01;35:*.flv=01;35:*.gl=01;35:*.dl=01;35:*.xcf=01;35:*.xwd=01;35:*.yuv=01;35:*.cgm=01;35:*.emf=01;35:*.ogv=01;35:*.ogx=01;35:*.aac=00;36:*.au=00;36:*.flac=00;36:*.m4a=00;36:*.mid=00;36:*.midi=00;36:*.mka=00;36:*.mp3=00;36:*.mpc=00;36:*.ogg=00;36:*.ra=00;36:*.wav=00;36:*.oga=00;36:*.opus=00;36:*.spx=00;36:*.xspf=00;36:'), ('VSCODE_GIT_IPC_HANDLE', '/run/user/1000/vscode-git-a1e06648de.sock'), ('TERM_PROGRAM', 'vscode'), ('SSH_AUTH_SOCK', '/tmp/ssh-XXXXXXYlVsRw/agent.1370'), ('AMENT_PREFIX_PATH', '/home/nvidia/ros_rlr/install/cube_localizer:/home/nvidia/ros_rlr/install/sllidar_ros2:/home/nvidia/ros_rlr/install/rplidar_ros:/home/nvidia/ros_rlr/install/micro_ros_setup:/home/nvidia/ros_rlr/install/micro_ros_agent:/home/nvidia/ros_rlr/install/micro_ros_msgs:/opt/ros/humble'), ('ORIGINAL_XDG_CURRENT_DESKTOP', 'undefined'), ('UID', '1000'), ('SHELL', '/bin/bash'), ('QT_ACCESSIBILITY', '1'), ('LESSCLOSE', '/usr/bin/lesspipe %s %s'), ('XRDP_SESSION', '1'), ('VSCODE_GIT_ASKPASS_EXTRA_ARGS', ''), ('QT_IM_MODULE', 'ibus'), ('PWD', '/home/nvidia/ros_rlr/build/rplidar_ros'), ('LC_ALL', 'en_US.UTF-8'), ('CLUTTER_IM_MODULE', 'ibus'), ('XDG_DATA_DIRS', '/usr/share/gnome:/usr/local/share:/usr/share:/var/lib/snapd/desktop'), ('PYTHONPATH', '/home/nvidia/ros_rlr/install/cube_localizer/lib/python3.10/site-packages:/home/nvidia/ros_rlr/install/micro_ros_msgs/local/lib/python3.10/dist-packages:/opt/ros/humble/lib/python3.10/site-packages:/opt/ros/humble/local/lib/python3.10/dist-packages'), ('COLCON', '1'), ('CMAKE_PREFIX_PATH', '/home/nvidia/ros_rlr/install/sllidar_ros2:/home/nvidia/ros_rlr/install/rplidar_ros:/home/nvidia/ros_rlr/install/micro_ros_setup:/home/nvidia/ros_rlr/install/micro_ros_agent:/home/nvidia/ros_rlr/install/micro_ros_msgs:/home/nvidia/ros_rlr/install/cube_localizer:/opt/ros/humble')]), 'shell': False}
[1.914806] (sllidar_ros2) StdoutLine: {'line': b'-- Generating done\n'}
[1.917406] (-) TimerEvent: {}
[1.917970] (sllidar_ros2) StdoutLine: {'line': b'-- Build files have been written to: /home/nvidia/ros_rlr/build/sllidar_ros2\n'}
[1.931874] (sllidar_ros2) CommandEnded: {'returncode': 0}
[1.935286] (sllidar_ros2) JobProgress: {'identifier': 'sllidar_ros2', 'progress': 'build'}
[1.936165] (sllidar_ros2) Command: {'cmd': ['/usr/bin/cmake', '--build', '/home/nvidia/ros_rlr/build/sllidar_ros2', '--', '-j4', '-l4'], 'cwd': '/home/nvidia/ros_rlr/build/sllidar_ros2', 'env': OrderedDict([('LESSOPEN', '| /usr/bin/lesspipe %s'), ('USER', 'nvidia'), ('SSH_AGENT_PID', '1509'), ('XDG_SESSION_TYPE', 'x11'), ('GIT_ASKPASS', '/usr/share/code/resources/app/extensions/git/dist/askpass.sh'), ('SHLVL', '2'), ('LD_LIBRARY_PATH', '/home/nvidia/ros_rlr/install/rplidar_ros/lib:/home/nvidia/ros_rlr/install/micro_ros_agent/lib:/home/nvidia/ros_rlr/install/micro_ros_msgs/lib:/opt/ros/humble/opt/rviz_ogre_vendor/lib:/opt/ros/humble/lib/x86_64-linux-gnu:/opt/ros/humble/lib'), ('HOME', '/home/nvidia'), ('CHROME_DESKTOP', 'code.desktop'), ('TERM_PROGRAM_VERSION', '1.95.1'), ('PANEL_GDK_CORE_DEVICE_EVENTS', '0'), ('ROS_PYTHON_VERSION', '3'), ('GTK_MODULES', 'gail:atk-bridge'), ('VSCODE_GIT_ASKPASS_MAIN', '/usr/share/code/resources/app/extensions/git/dist/askpass-main.js'), ('VSCODE_GIT_ASKPASS_NODE', '/usr/share/code/code'), ('XRDP_PULSE_SOURCE_SOCKET', 'xrdp_chansrv_audio_in_socket_10'), ('XRDP_PULSE_SINK_SOCKET', 'xrdp_chansrv_audio_out_socket_10'), ('DBUS_SESSION_BUS_ADDRESS', 'unix:path=/run/user/1000/bus'), ('COLORTERM', 'truecolor'), ('PULSE_SCRIPT', '/etc/xrdp/pulse/default.pa'), ('COLCON_PREFIX_PATH', '/home/nvidia/ros_rlr/install'), ('ROS_DISTRO', 'humble'), ('GTK_IM_MODULE', 'ibus'), ('LOGNAME', 'nvidia'), ('_', '/usr/bin/colcon'), ('ROS_VERSION', '2'), ('XDG_SESSION_CLASS', 'user'), ('TERM', 'xterm-256color'), ('XDG_SESSION_ID', 'c3'), ('ROS_LOCALHOST_ONLY', '0'), ('PATH', '/opt/ros/humble/bin:/usr/local/sbin:/usr/local/bin:/usr/sbin:/usr/bin:/sbin:/bin:/usr/games:/usr/local/games:/snap/bin:/home/nvidia/.platformio/penv/bin:/home/nvidia/.platformio/penv/bin:/home/nvidia/.platformio/penv/bin:/home/nvidia/.platformio/penv/bin'), ('SESSION_MANAGER', 'local/IR:@/tmp/.ICE-unix/1527,unix/IR:/tmp/.ICE-unix/1527'), ('XRDP_SOCKET_PATH', '/run/xrdp/sockdir'), ('XDG_RUNTIME_DIR', '/run/user/1000'), ('GDK_BACKEND', 'x11'), ('DISPLAY', ':10.0'), ('LANG', 'en_US.UTF-8'), ('XMODIFIERS', '@im=ibus'), ('LS_COLORS', 'rs=0:di=01;34:ln=01;36:mh=00:pi=40;33:so=01;35:do=01;35:bd=40;33;01:cd=40;33;01:or=40;31;01:mi=00:su=37;41:sg=30;43:ca=30;41:tw=30;42:ow=34;42:st=37;44:ex=01;32:*.tar=01;31:*.tgz=01;31:*.arc=01;31:*.arj=01;31:*.taz=01;31:*.lha=01;31:*.lz4=01;31:*.lzh=01;31:*.lzma=01;31:*.tlz=01;31:*.txz=01;31:*.tzo=01;31:*.t7z=01;31:*.zip=01;31:*.z=01;31:*.dz=01;31:*.gz=01;31:*.lrz=01;31:*.lz=01;31:*.lzo=01;31:*.xz=01;31:*.zst=01;31:*.tzst=01;31:*.bz2=01;31:*.bz=01;31:*.tbz=01;31:*.tbz2=01;31:*.tz=01;31:*.deb=01;31:*.rpm=01;31:*.jar=01;31:*.war=01;31:*.ear=01;31:*.sar=01;31:*.rar=01;31:*.alz=01;31:*.ace=01;31:*.zoo=01;31:*.cpio=01;31:*.7z=01;31:*.rz=01;31:*.cab=01;31:*.wim=01;31:*.swm=01;31:*.dwm=01;31:*.esd=01;31:*.jpg=01;35:*.jpeg=01;35:*.mjpg=01;35:*.mjpeg=01;35:*.gif=01;35:*.bmp=01;35:*.pbm=01;35:*.pgm=01;35:*.ppm=01;35:*.tga=01;35:*.xbm=01;35:*.xpm=01;35:*.tif=01;35:*.tiff=01;35:*.png=01;35:*.svg=01;35:*.svgz=01;35:*.mng=01;35:*.pcx=01;35:*.mov=01;35:*.mpg=01;35:*.mpeg=01;35:*.m2v=01;35:*.mkv=01;35:*.webm=01;35:*.webp=01;35:*.ogm=01;35:*.mp4=01;35:*.m4v=01;35:*.mp4v=01;35:*.vob=01;35:*.qt=01;35:*.nuv=01;35:*.wmv=01;35:*.asf=01;35:*.rm=01;35:*.rmvb=01;35:*.flc=01;35:*.avi=01;35:*.fli=01;35:*.flv=01;35:*.gl=01;35:*.dl=01;35:*.xcf=01;35:*.xwd=01;35:*.yuv=01;35:*.cgm=01;35:*.emf=01;35:*.ogv=01;35:*.ogx=01;35:*.aac=00;36:*.au=00;36:*.flac=00;36:*.m4a=00;36:*.mid=00;36:*.midi=00;36:*.mka=00;36:*.mp3=00;36:*.mpc=00;36:*.ogg=00;36:*.ra=00;36:*.wav=00;36:*.oga=00;36:*.opus=00;36:*.spx=00;36:*.xspf=00;36:'), ('VSCODE_GIT_IPC_HANDLE', '/run/user/1000/vscode-git-a1e06648de.sock'), ('TERM_PROGRAM', 'vscode'), ('SSH_AUTH_SOCK', '/tmp/ssh-XXXXXXYlVsRw/agent.1370'), ('AMENT_PREFIX_PATH', '/home/nvidia/ros_rlr/install/cube_localizer:/home/nvidia/ros_rlr/install/sllidar_ros2:/home/nvidia/ros_rlr/install/rplidar_ros:/home/nvidia/ros_rlr/install/micro_ros_setup:/home/nvidia/ros_rlr/install/micro_ros_agent:/home/nvidia/ros_rlr/install/micro_ros_msgs:/opt/ros/humble'), ('ORIGINAL_XDG_CURRENT_DESKTOP', 'undefined'), ('UID', '1000'), ('SHELL', '/bin/bash'), ('QT_ACCESSIBILITY', '1'), ('LESSCLOSE', '/usr/bin/lesspipe %s %s'), ('XRDP_SESSION', '1'), ('VSCODE_GIT_ASKPASS_EXTRA_ARGS', ''), ('QT_IM_MODULE', 'ibus'), ('PWD', '/home/nvidia/ros_rlr/build/sllidar_ros2'), ('LC_ALL', 'en_US.UTF-8'), ('CLUTTER_IM_MODULE', 'ibus'), ('XDG_DATA_DIRS', '/usr/share/gnome:/usr/local/share:/usr/share:/var/lib/snapd/desktop'), ('PYTHONPATH', '/home/nvidia/ros_rlr/install/cube_localizer/lib/python3.10/site-packages:/home/nvidia/ros_rlr/install/micro_ros_msgs/local/lib/python3.10/dist-packages:/opt/ros/humble/lib/python3.10/site-packages:/opt/ros/humble/local/lib/python3.10/dist-packages'), ('COLCON', '1'), ('CMAKE_PREFIX_PATH', '/home/nvidia/ros_rlr/install/sllidar_ros2:/home/nvidia/ros_rlr/install/rplidar_ros:/home/nvidia/ros_rlr/install/micro_ros_setup:/home/nvidia/ros_rlr/install/micro_ros_agent:/home/nvidia/ros_rlr/install/micro_ros_msgs:/home/nvidia/ros_rlr/install/cube_localizer:/opt/ros/humble')]), 'shell': False}
[1.979438] (rplidar_ros) StdoutLine: {'line': b'[ 11%] \x1b[32mBuilding CXX object CMakeFiles/rplidar_composition_node.dir/sdk/src/arch/linux/net_serial.cpp.o\x1b[0m\n'}
[1.980245] (rplidar_ros) StdoutLine: {'line': b'[ 22%] \x1b[32mBuilding CXX object CMakeFiles/rplidar_composition_node.dir/src/rplidar_node.cpp.o\x1b[0m\n'}
[1.990580] (rplidar_ros) StdoutLine: {'line': b'[ 33%] \x1b[32mBuilding CXX object CMakeFiles/rplidar_composition_node.dir/sdk/src/arch/linux/net_socket.cpp.o\x1b[0m\n'}
[1.991566] (rplidar_ros) StdoutLine: {'line': b'[ 44%] \x1b[32mBuilding CXX object CMakeFiles/rplidar_composition_node.dir/sdk/src/arch/linux/timer.cpp.o\x1b[0m\n'}
[2.019341] (-) TimerEvent: {}
[2.033220] (sllidar_ros2) StdoutLine: {'line': b'[ 10%] \x1b[32mBuilding CXX object CMakeFiles/sllidar_node.dir/src/sllidar_node.cpp.o\x1b[0m\n'}
[2.033445] (sllidar_ros2) StdoutLine: {'line': b'[ 10%] \x1b[32mBuilding CXX object CMakeFiles/sllidar_node.dir/sdk/src/arch/linux/net_socket.cpp.o\x1b[0m\n'}
[2.037718] (sllidar_ros2) StdoutLine: {'line': b'[ 15%] \x1b[32mBuilding CXX object CMakeFiles/sllidar_client.dir/src/sllidar_client.cpp.o\x1b[0m\n'}
[2.038765] (sllidar_ros2) StdoutLine: {'line': b'[ 20%] \x1b[32mBuilding CXX object CMakeFiles/sllidar_node.dir/sdk/src/arch/linux/net_serial.cpp.o\x1b[0m\n'}
[2.122134] (-) TimerEvent: {}
[2.223019] (-) TimerEvent: {}
[2.326124] (-) TimerEvent: {}
[2.427142] (-) TimerEvent: {}
[2.529757] (-) TimerEvent: {}
[2.630636] (-) TimerEvent: {}
[2.735277] (-) TimerEvent: {}
[2.835819] (-) TimerEvent: {}
[2.936339] (-) TimerEvent: {}
[2.989317] (rplidar_ros) StderrLine: {'line': b'In file included from \x1b[01m\x1b[K/home/nvidia/ros_rlr/src/rplidar_ros2/src/rplidar_node.cpp:36\x1b[m\x1b[K:\n'}
[2.989602] (rplidar_ros) StderrLine: {'line': b'\x1b[01m\x1b[K/home/nvidia/ros_rlr/src/rplidar_ros2/include/rplidar_node.hpp:50:\x1b[m\x1b[K \x1b[01;35m\x1b[Kwarning: \x1b[m\x1b[K"M_PI" redefined\n'}
[2.989710] (rplidar_ros) StderrLine: {'line': b'   50 | #define M_PI 3.1415926535897932384626433832795\n'}
[2.989798] (rplidar_ros) StderrLine: {'line': b'      | \n'}
[2.989881] (rplidar_ros) StderrLine: {'line': b'In file included from \x1b[01m\x1b[K/usr/include/c++/11/cmath:45\x1b[m\x1b[K,\n'}
[2.989963] (rplidar_ros) StderrLine: {'line': b'                 from \x1b[01m\x1b[K/opt/ros/humble/include/libstatistics_collector/libstatistics_collector/moving_average_statistics/types.hpp:18\x1b[m\x1b[K,\n'}
[2.990044] (rplidar_ros) StderrLine: {'line': b'                 from \x1b[01m\x1b[K/opt/ros/humble/include/libstatistics_collector/libstatistics_collector/collector/generate_statistics_message.hpp:24\x1b[m\x1b[K,\n'}
[2.990161] (rplidar_ros) StderrLine: {'line': b'                 from \x1b[01m\x1b[K/opt/ros/humble/include/rclcpp/rclcpp/topic_statistics/subscription_topic_statistics.hpp:23\x1b[m\x1b[K,\n'}
[2.990246] (rplidar_ros) StderrLine: {'line': b'                 from \x1b[01m\x1b[K/opt/ros/humble/include/rclcpp/rclcpp/subscription.hpp:50\x1b[m\x1b[K,\n'}
[2.990322] (rplidar_ros) StderrLine: {'line': b'                 from \x1b[01m\x1b[K/opt/ros/humble/include/rclcpp/rclcpp/any_executable.hpp:25\x1b[m\x1b[K,\n'}
[2.990410] (rplidar_ros) StderrLine: {'line': b'                 from \x1b[01m\x1b[K/opt/ros/humble/include/rclcpp/rclcpp/memory_strategy.hpp:25\x1b[m\x1b[K,\n'}
[2.990489] (rplidar_ros) StderrLine: {'line': b'                 from \x1b[01m\x1b[K/opt/ros/humble/include/rclcpp/rclcpp/memory_strategies.hpp:18\x1b[m\x1b[K,\n'}
[2.990566] (rplidar_ros) StderrLine: {'line': b'                 from \x1b[01m\x1b[K/opt/ros/humble/include/rclcpp/rclcpp/executor_options.hpp:20\x1b[m\x1b[K,\n'}
[2.990641] (rplidar_ros) StderrLine: {'line': b'                 from \x1b[01m\x1b[K/opt/ros/humble/include/rclcpp/rclcpp/executor.hpp:37\x1b[m\x1b[K,\n'}
[2.990718] (rplidar_ros) StderrLine: {'line': b'                 from \x1b[01m\x1b[K/opt/ros/humble/include/rclcpp/rclcpp/executors/multi_threaded_executor.hpp:25\x1b[m\x1b[K,\n'}
[2.990794] (rplidar_ros) StderrLine: {'line': b'                 from \x1b[01m\x1b[K/opt/ros/humble/include/rclcpp/rclcpp/executors.hpp:21\x1b[m\x1b[K,\n'}
[2.990869] (rplidar_ros) StderrLine: {'line': b'                 from \x1b[01m\x1b[K/opt/ros/humble/include/rclcpp/rclcpp/rclcpp.hpp:155\x1b[m\x1b[K,\n'}
[2.990946] (rplidar_ros) StderrLine: {'line': b'                 from \x1b[01m\x1b[K/home/nvidia/ros_rlr/src/rplidar_ros2/include/rplidar_node.hpp:34\x1b[m\x1b[K,\n'}
[2.991020] (rplidar_ros) StderrLine: {'line': b'                 from \x1b[01m\x1b[K/home/nvidia/ros_rlr/src/rplidar_ros2/src/rplidar_node.cpp:36\x1b[m\x1b[K:\n'}
[2.991121] (rplidar_ros) StderrLine: {'line': b'\x1b[01m\x1b[K/usr/include/math.h:1151:\x1b[m\x1b[K \x1b[01;36m\x1b[Knote: \x1b[m\x1b[Kthis is the location of the previous definition\n'}
[2.991207] (rplidar_ros) StderrLine: {'line': b' 1151 | # define M_PI           3.14159265358979323846  /* pi */\n'}
[2.991280] (rplidar_ros) StderrLine: {'line': b'      | \n'}
[3.041218] (-) TimerEvent: {}
[3.144005] (-) TimerEvent: {}
[3.257830] (-) TimerEvent: {}
[3.361160] (-) TimerEvent: {}
[3.463579] (rplidar_ros) StdoutLine: {'line': b'[ 55%] \x1b[32mBuilding CXX object CMakeFiles/rplidar_composition_node.dir/sdk/src/hal/thread.cpp.o\x1b[0m\n'}
[3.466409] (-) TimerEvent: {}
[3.499016] (rplidar_ros) StderrLine: {'line': b'In file included from \x1b[01m\x1b[K/home/nvidia/ros_rlr/src/rplidar_ros2/./sdk/include/rplidar.h:39\x1b[m\x1b[K,\n'}
[3.499718] (rplidar_ros) StderrLine: {'line': b'                 from \x1b[01m\x1b[K/home/nvidia/ros_rlr/src/rplidar_ros2/./sdk/src/sdkcommon.h:48\x1b[m\x1b[K,\n'}
[3.499856] (rplidar_ros) StderrLine: {'line': b'                 from \x1b[01m\x1b[K/home/nvidia/ros_rlr/src/rplidar_ros2/sdk/src/arch/linux/net_socket.cpp:10\x1b[m\x1b[K:\n'}
[3.499961] (rplidar_ros) StderrLine: {'line': b'\x1b[01m\x1b[K/home/nvidia/ros_rlr/src/rplidar_ros2/./sdk/include/rplidar_protocol.h:59:14:\x1b[m\x1b[K \x1b[01;35m\x1b[Kwarning: \x1b[m\x1b[KISO C++ forbids zero-size array \xe2\x80\x98\x1b[01m\x1b[Kdata\x1b[m\x1b[K\xe2\x80\x99 [\x1b[01;35m\x1b[K\x1b]8;;https://gcc.gnu.org/onlinedocs/gcc/Warning-Options.html#index-Wpedantic\x07-Wpedantic\x1b]8;;\x07\x1b[m\x1b[K]\n'}
[3.504703] (rplidar_ros) StderrLine: {'line': b'   59 |     _u8 data[\x1b[01;35m\x1b[K0\x1b[m\x1b[K];\n'}
[3.505228] (rplidar_ros) StderrLine: {'line': b'      |              \x1b[01;35m\x1b[K^\x1b[m\x1b[K\n'}
[3.505718] (rplidar_ros) StderrLine: {'line': b'In file included from \x1b[01m\x1b[K/home/nvidia/ros_rlr/src/rplidar_ros2/./sdk/include/rplidar.h:40\x1b[m\x1b[K,\n'}
[3.505820] (rplidar_ros) StderrLine: {'line': b'                 from \x1b[01m\x1b[K/home/nvidia/ros_rlr/src/rplidar_ros2/./sdk/src/sdkcommon.h:48\x1b[m\x1b[K,\n'}
[3.505908] (rplidar_ros) StderrLine: {'line': b'                 from \x1b[01m\x1b[K/home/nvidia/ros_rlr/src/rplidar_ros2/sdk/src/arch/linux/net_socket.cpp:10\x1b[m\x1b[K:\n'}
[3.505992] (rplidar_ros) StderrLine: {'line': b'\x1b[01m\x1b[K/home/nvidia/ros_rlr/src/rplidar_ros2/./sdk/include/rplidar_cmd.h:260:18:\x1b[m\x1b[K \x1b[01;35m\x1b[Kwarning: \x1b[m\x1b[KISO C++ forbids zero-size array \xe2\x80\x98\x1b[01m\x1b[Kpayload\x1b[m\x1b[K\xe2\x80\x99 [\x1b[01;35m\x1b[K\x1b]8;;https://gcc.gnu.org/onlinedocs/gcc/Warning-Options.html#index-Wpedantic\x07-Wpedantic\x1b]8;;\x07\x1b[m\x1b[K]\n'}
[3.506120] (rplidar_ros) StderrLine: {'line': b'  260 |     _u8  payload[\x1b[01;35m\x1b[K0\x1b[m\x1b[K];\n'}
[3.506208] (rplidar_ros) StderrLine: {'line': b'      |                  \x1b[01;35m\x1b[K^\x1b[m\x1b[K\n'}
[3.543678] (rplidar_ros) StderrLine: {'line': b'\x1b[01m\x1b[K/home/nvidia/ros_rlr/src/rplidar_ros2/sdk/src/arch/linux/net_socket.cpp:\x1b[m\x1b[K In member function \xe2\x80\x98\x1b[01m\x1b[Kvirtual u_result rp::arch::net::StreamSocketImpl::send(const void*, size_t)\x1b[m\x1b[K\xe2\x80\x99:\n'}
[3.546199] (rplidar_ros) StderrLine: {'line': b'\x1b[01m\x1b[K/home/nvidia/ros_rlr/src/rplidar_ros2/sdk/src/arch/linux/net_socket.cpp:438:17:\x1b[m\x1b[K \x1b[01;35m\x1b[Kwarning: \x1b[m\x1b[Kcomparison of integer expressions of different signedness: \xe2\x80\x98\x1b[01m\x1b[Ksize_t\x1b[m\x1b[K\xe2\x80\x99 {aka \xe2\x80\x98\x1b[01m\x1b[Klong unsigned int\x1b[m\x1b[K\xe2\x80\x99} and \xe2\x80\x98\x1b[01m\x1b[Kint\x1b[m\x1b[K\xe2\x80\x99 [\x1b[01;35m\x1b[K\x1b]8;;https://gcc.gnu.org/onlinedocs/gcc/Warning-Options.html#index-Wsign-compare\x07-Wsign-compare\x1b]8;;\x07\x1b[m\x1b[K]\n'}
[3.547094] (rplidar_ros) StderrLine: {'line': b'  438 |         if (\x1b[01;35m\x1b[Kans == (int)len\x1b[m\x1b[K) {\n'}
[3.547666] (rplidar_ros) StderrLine: {'line': b'      |             \x1b[01;35m\x1b[K~~~~^~~~~~~~~~~\x1b[m\x1b[K\n'}
[3.554138] (rplidar_ros) StderrLine: {'line': b'In file included from \x1b[01m\x1b[K/home/nvidia/ros_rlr/src/rplidar_ros2/./sdk/src/arch/linux/arch_linux.h:42\x1b[m\x1b[K,\n'}
[3.554893] (rplidar_ros) StderrLine: {'line': b'                 from \x1b[01m\x1b[K/home/nvidia/ros_rlr/src/rplidar_ros2/./sdk/src/sdkcommon.h:40\x1b[m\x1b[K,\n'}
[3.555253] (rplidar_ros) StderrLine: {'line': b'                 from \x1b[01m\x1b[K/home/nvidia/ros_rlr/src/rplidar_ros2/sdk/src/arch/linux/net_socket.cpp:10\x1b[m\x1b[K:\n'}
[3.555369] (rplidar_ros) StderrLine: {'line': b'\x1b[01m\x1b[K/home/nvidia/ros_rlr/src/rplidar_ros2/sdk/src/arch/linux/net_socket.cpp:\x1b[m\x1b[K In member function \xe2\x80\x98\x1b[01m\x1b[Kvirtual u_result rp::arch::net::DGramSocketImpl::sendTo(const rp::net::SocketAddress&, const void*, size_t)\x1b[m\x1b[K\xe2\x80\x99:\n'}
[3.555467] (rplidar_ros) StderrLine: {'line': b'\x1b[01m\x1b[K/home/nvidia/ros_rlr/src/rplidar_ros2/sdk/src/arch/linux/net_socket.cpp:726:24:\x1b[m\x1b[K \x1b[01;35m\x1b[Kwarning: \x1b[m\x1b[Kcomparison of integer expressions of different signedness: \xe2\x80\x98\x1b[01m\x1b[Ksize_t\x1b[m\x1b[K\xe2\x80\x99 {aka \xe2\x80\x98\x1b[01m\x1b[Klong unsigned int\x1b[m\x1b[K\xe2\x80\x99} and \xe2\x80\x98\x1b[01m\x1b[Kint\x1b[m\x1b[K\xe2\x80\x99 [\x1b[01;35m\x1b[K\x1b]8;;https://gcc.gnu.org/onlinedocs/gcc/Warning-Options.html#index-Wsign-compare\x07-Wsign-compare\x1b]8;;\x07\x1b[m\x1b[K]\n'}
[3.555562] (rplidar_ros) StderrLine: {'line': b'  726 |             assert(\x1b[01;35m\x1b[Kans == (int)len\x1b[m\x1b[K);\n'}
[3.555647] (rplidar_ros) StderrLine: {'line': b'      |                    \x1b[01;35m\x1b[K~~~~^~~~~~~~~~~\x1b[m\x1b[K\n'}
[3.570138] (-) TimerEvent: {}
[3.671083] (-) TimerEvent: {}
[3.714664] (sllidar_ros2) StderrLine: {'line': b'In file included from \x1b[01m\x1b[K/home/nvidia/ros_rlr/src/sllidar_ros2/./sdk/include/rplidar_protocol.h:36\x1b[m\x1b[K,\n'}
[3.715328] (sllidar_ros2) StderrLine: {'line': b'                 from \x1b[01m\x1b[K/home/nvidia/ros_rlr/src/sllidar_ros2/./sdk/include/rplidar.h:39\x1b[m\x1b[K,\n'}
[3.715463] (sllidar_ros2) StderrLine: {'line': b'                 from \x1b[01m\x1b[K/home/nvidia/ros_rlr/src/sllidar_ros2/./sdk/src/sdkcommon.h:49\x1b[m\x1b[K,\n'}
[3.715573] (sllidar_ros2) StderrLine: {'line': b'                 from \x1b[01m\x1b[K/home/nvidia/ros_rlr/src/sllidar_ros2/sdk/src/arch/linux/net_socket.cpp:10\x1b[m\x1b[K:\n'}
[3.715664] (sllidar_ros2) StderrLine: {'line': b'\x1b[01m\x1b[K/home/nvidia/ros_rlr/src/sllidar_ros2/./sdk/include/sl_lidar_protocol.h:66:16:\x1b[m\x1b[K \x1b[01;35m\x1b[Kwarning: \x1b[m\x1b[KISO C++ forbids zero-size array \xe2\x80\x98\x1b[01m\x1b[Kdata\x1b[m\x1b[K\xe2\x80\x99 [\x1b[01;35m\x1b[K\x1b]8;;https://gcc.gnu.org/onlinedocs/gcc/Warning-Options.html#index-Wpedantic\x07-Wpedantic\x1b]8;;\x07\x1b[m\x1b[K]\n'}
[3.717232] (sllidar_ros2) StderrLine: {'line': b'   66 |     sl_u8 data[\x1b[01;35m\x1b[K0\x1b[m\x1b[K];\n'}
[3.717403] (sllidar_ros2) StderrLine: {'line': b'      |                \x1b[01;35m\x1b[K^\x1b[m\x1b[K\n'}
[3.717501] (sllidar_ros2) StderrLine: {'line': b'In file included from \x1b[01m\x1b[K/home/nvidia/ros_rlr/src/sllidar_ros2/./sdk/include/rplidar_cmd.h:36\x1b[m\x1b[K,\n'}
[3.717599] (sllidar_ros2) StderrLine: {'line': b'                 from \x1b[01m\x1b[K/home/nvidia/ros_rlr/src/sllidar_ros2/./sdk/include/rplidar.h:40\x1b[m\x1b[K,\n'}
[3.717692] (sllidar_ros2) StderrLine: {'line': b'                 from \x1b[01m\x1b[K/home/nvidia/ros_rlr/src/sllidar_ros2/./sdk/src/sdkcommon.h:49\x1b[m\x1b[K,\n'}
[3.717777] (sllidar_ros2) StderrLine: {'line': b'                 from \x1b[01m\x1b[K/home/nvidia/ros_rlr/src/sllidar_ros2/sdk/src/arch/linux/net_socket.cpp:10\x1b[m\x1b[K:\n'}
[3.717862] (sllidar_ros2) StderrLine: {'line': b'\x1b[01m\x1b[K/home/nvidia/ros_rlr/src/sllidar_ros2/./sdk/include/sl_lidar_cmd.h:324:20:\x1b[m\x1b[K \x1b[01;35m\x1b[Kwarning: \x1b[m\x1b[KISO C++ forbids zero-size array \xe2\x80\x98\x1b[01m\x1b[Kpayload\x1b[m\x1b[K\xe2\x80\x99 [\x1b[01;35m\x1b[K\x1b]8;;https://gcc.gnu.org/onlinedocs/gcc/Warning-Options.html#index-Wpedantic\x07-Wpedantic\x1b]8;;\x07\x1b[m\x1b[K]\n'}
[3.717950] (sllidar_ros2) StderrLine: {'line': b'  324 |     sl_u8  payload[\x1b[01;35m\x1b[K0\x1b[m\x1b[K];\n'}
[3.718030] (sllidar_ros2) StderrLine: {'line': b'      |                    \x1b[01;35m\x1b[K^\x1b[m\x1b[K\n'}
[3.773141] (-) TimerEvent: {}
[3.874159] (-) TimerEvent: {}
[3.928156] (sllidar_ros2) StderrLine: {'line': b'\x1b[01m\x1b[K/home/nvidia/ros_rlr/src/sllidar_ros2/sdk/src/arch/linux/net_serial.cpp:\x1b[m\x1b[K In member function \xe2\x80\x98\x1b[01m\x1b[Kbool rp::arch::net::raw_serial::open(const char*, uint32_t, uint32_t)\x1b[m\x1b[K\xe2\x80\x99:\n'}
[3.928996] (sllidar_ros2) StderrLine: {'line': b'\x1b[01m\x1b[K/home/nvidia/ros_rlr/src/sllidar_ros2/sdk/src/arch/linux/net_serial.cpp:97:74:\x1b[m\x1b[K \x1b[01;35m\x1b[Kwarning: \x1b[m\x1b[Kunused parameter \xe2\x80\x98\x1b[01m\x1b[Kflags\x1b[m\x1b[K\xe2\x80\x99 [\x1b[01;35m\x1b[K\x1b]8;;https://gcc.gnu.org/onlinedocs/gcc/Warning-Options.html#index-Wunused-parameter\x07-Wunused-parameter\x1b]8;;\x07\x1b[m\x1b[K]\n'}
[3.929623] (sllidar_ros2) StderrLine: {'line': b'   97 | bool raw_serial::open(const char * portname, uint32_t baudrate, \x1b[01;35m\x1b[Kuint32_t flags\x1b[m\x1b[K)\n'}
[3.930222] (sllidar_ros2) StderrLine: {'line': b'      |                                                                 \x1b[01;35m\x1b[K~~~~~~~~~^~~~~\x1b[m\x1b[K\n'}
[3.932132] (sllidar_ros2) StderrLine: {'line': b'\x1b[01m\x1b[K/home/nvidia/ros_rlr/src/sllidar_ros2/sdk/src/arch/linux/net_serial.cpp:\x1b[m\x1b[K In member function \xe2\x80\x98\x1b[01m\x1b[Kvirtual void rp::arch::net::raw_serial::flush(_u32)\x1b[m\x1b[K\xe2\x80\x99:\n'}
[3.932498] (sllidar_ros2) StderrLine: {'line': b'\x1b[01m\x1b[K/home/nvidia/ros_rlr/src/sllidar_ros2/sdk/src/arch/linux/net_serial.cpp:281:30:\x1b[m\x1b[K \x1b[01;35m\x1b[Kwarning: \x1b[m\x1b[Kunused parameter \xe2\x80\x98\x1b[01m\x1b[Kflags\x1b[m\x1b[K\xe2\x80\x99 [\x1b[01;35m\x1b[K\x1b]8;;https://gcc.gnu.org/onlinedocs/gcc/Warning-Options.html#index-Wunused-parameter\x07-Wunused-parameter\x1b]8;;\x07\x1b[m\x1b[K]\n'}
[3.932609] (sllidar_ros2) StderrLine: {'line': b'  281 | void raw_serial::flush( \x1b[01;35m\x1b[K_u32 flags\x1b[m\x1b[K)\n'}
[3.932703] (sllidar_ros2) StderrLine: {'line': b'      |                         \x1b[01;35m\x1b[K~~~~~^~~~~\x1b[m\x1b[K\n'}
[3.935253] (sllidar_ros2) StderrLine: {'line': b'\x1b[01m\x1b[K/home/nvidia/ros_rlr/src/sllidar_ros2/sdk/src/arch/linux/net_serial.cpp:\x1b[m\x1b[K In member function \xe2\x80\x98\x1b[01m\x1b[Kvirtual int rp::arch::net::raw_serial::waitforsent(_u32, size_t*)\x1b[m\x1b[K\xe2\x80\x99:\n'}
[3.935993] (sllidar_ros2) StderrLine: {'line': b'\x1b[01m\x1b[K/home/nvidia/ros_rlr/src/sllidar_ros2/sdk/src/arch/linux/net_serial.cpp:286:34:\x1b[m\x1b[K \x1b[01;35m\x1b[Kwarning: \x1b[m\x1b[Kunused parameter \xe2\x80\x98\x1b[01m\x1b[Ktimeout\x1b[m\x1b[K\xe2\x80\x99 [\x1b[01;35m\x1b[K\x1b]8;;https://gcc.gnu.org/onlinedocs/gcc/Warning-Options.html#index-Wunused-parameter\x07-Wunused-parameter\x1b]8;;\x07\x1b[m\x1b[K]\n'}
[3.936531] (sllidar_ros2) StderrLine: {'line': b'  286 | int raw_serial::waitforsent(\x1b[01;35m\x1b[K_u32 timeout\x1b[m\x1b[K, size_t * returned_size)\n'}
[3.936651] (sllidar_ros2) StderrLine: {'line': b'      |                             \x1b[01;35m\x1b[K~~~~~^~~~~~~\x1b[m\x1b[K\n'}
[3.936741] (sllidar_ros2) StderrLine: {'line': b'\x1b[01m\x1b[K/home/nvidia/ros_rlr/src/sllidar_ros2/sdk/src/arch/linux/net_serial.cpp:\x1b[m\x1b[K In member function \xe2\x80\x98\x1b[01m\x1b[Kvirtual int rp::arch::net::raw_serial::waitforrecv(_u32, size_t*)\x1b[m\x1b[K\xe2\x80\x99:\n'}
[3.936828] (sllidar_ros2) StderrLine: {'line': b'\x1b[01m\x1b[K/home/nvidia/ros_rlr/src/sllidar_ros2/sdk/src/arch/linux/net_serial.cpp:292:34:\x1b[m\x1b[K \x1b[01;35m\x1b[Kwarning: \x1b[m\x1b[Kunused parameter \xe2\x80\x98\x1b[01m\x1b[Ktimeout\x1b[m\x1b[K\xe2\x80\x99 [\x1b[01;35m\x1b[K\x1b]8;;https://gcc.gnu.org/onlinedocs/gcc/Warning-Options.html#index-Wunused-parameter\x07-Wunused-parameter\x1b]8;;\x07\x1b[m\x1b[K]\n'}
[3.936913] (sllidar_ros2) StderrLine: {'line': b'  292 | int raw_serial::waitforrecv(\x1b[01;35m\x1b[K_u32 timeout\x1b[m\x1b[K, size_t * returned_size)\n'}
[3.937012] (sllidar_ros2) StderrLine: {'line': b'      |                             \x1b[01;35m\x1b[K~~~~~^~~~~~~\x1b[m\x1b[K\n'}
[3.941245] (sllidar_ros2) StderrLine: {'line': b'\x1b[01m\x1b[K/home/nvidia/ros_rlr/src/sllidar_ros2/sdk/src/arch/linux/net_serial.cpp:\x1b[m\x1b[K In member function \xe2\x80\x98\x1b[01m\x1b[Kvirtual void rp::arch::net::raw_serial::cancelOperation()\x1b[m\x1b[K\xe2\x80\x99:\n'}
[3.943786] (sllidar_ros2) StderrLine: {'line': b'\x1b[01m\x1b[K/home/nvidia/ros_rlr/src/sllidar_ros2/sdk/src/arch/linux/net_serial.cpp:427:5:\x1b[m\x1b[K \x1b[01;35m\x1b[Kwarning: \x1b[m\x1b[Kvalue computed is not used [\x1b[01;35m\x1b[K\x1b]8;;https://gcc.gnu.org/onlinedocs/gcc/Warning-Options.html#index-Wunused-value\x07-Wunused-value\x1b]8;;\x07\x1b[m\x1b[K]\n'}
[3.944353] (sllidar_ros2) StderrLine: {'line': b'  427 |     \x1b[01;35m\x1b[K(int)::write(_selfpipe[1], "x", 1)\x1b[m\x1b[K;\n'}
[3.944869] (sllidar_ros2) StderrLine: {'line': b'      |     \x1b[01;35m\x1b[K^~~~~~~~~~~~~~~~~~~~~~~~~~~~~~~~~~\x1b[m\x1b[K\n'}
[3.957759] (rplidar_ros) StderrLine: {'line': b'\x1b[01m\x1b[K/home/nvidia/ros_rlr/src/rplidar_ros2/sdk/src/arch/linux/net_serial.cpp:\x1b[m\x1b[K In member function \xe2\x80\x98\x1b[01m\x1b[Kbool rp::arch::net::raw_serial::open(const char*, uint32_t, uint32_t)\x1b[m\x1b[K\xe2\x80\x99:\n'}
[3.958221] (rplidar_ros) StderrLine: {'line': b'\x1b[01m\x1b[K/home/nvidia/ros_rlr/src/rplidar_ros2/sdk/src/arch/linux/net_serial.cpp:97:74:\x1b[m\x1b[K \x1b[01;35m\x1b[Kwarning: \x1b[m\x1b[Kunused parameter \xe2\x80\x98\x1b[01m\x1b[Kflags\x1b[m\x1b[K\xe2\x80\x99 [\x1b[01;35m\x1b[K\x1b]8;;https://gcc.gnu.org/onlinedocs/gcc/Warning-Options.html#index-Wunused-parameter\x07-Wunused-parameter\x1b]8;;\x07\x1b[m\x1b[K]\n'}
[3.958345] (rplidar_ros) StderrLine: {'line': b'   97 | bool raw_serial::open(const char * portname, uint32_t baudrate, \x1b[01;35m\x1b[Kuint32_t flags\x1b[m\x1b[K)\n'}
[3.958456] (rplidar_ros) StderrLine: {'line': b'      |                                                                 \x1b[01;35m\x1b[K~~~~~~~~~^~~~~\x1b[m\x1b[K\n'}
[3.958545] (rplidar_ros) StderrLine: {'line': b'\x1b[01m\x1b[K/home/nvidia/ros_rlr/src/rplidar_ros2/sdk/src/arch/linux/net_serial.cpp:\x1b[m\x1b[K In member function \xe2\x80\x98\x1b[01m\x1b[Kvirtual void rp::arch::net::raw_serial::flush(_u32)\x1b[m\x1b[K\xe2\x80\x99:\n'}
[3.958634] (rplidar_ros) StderrLine: {'line': b'\x1b[01m\x1b[K/home/nvidia/ros_rlr/src/rplidar_ros2/sdk/src/arch/linux/net_serial.cpp:281:30:\x1b[m\x1b[K \x1b[01;35m\x1b[Kwarning: \x1b[m\x1b[Kunused parameter \xe2\x80\x98\x1b[01m\x1b[Kflags\x1b[m\x1b[K\xe2\x80\x99 [\x1b[01;35m\x1b[K\x1b]8;;https://gcc.gnu.org/onlinedocs/gcc/Warning-Options.html#index-Wunused-parameter\x07-Wunused-parameter\x1b]8;;\x07\x1b[m\x1b[K]\n'}
[3.958731] (rplidar_ros) StderrLine: {'line': b'  281 | void raw_serial::flush( \x1b[01;35m\x1b[K_u32 flags\x1b[m\x1b[K)\n'}
[3.958813] (rplidar_ros) StderrLine: {'line': b'      |                         \x1b[01;35m\x1b[K~~~~~^~~~~\x1b[m\x1b[K\n'}
[3.961343] (rplidar_ros) StderrLine: {'line': b'\x1b[01m\x1b[K/home/nvidia/ros_rlr/src/rplidar_ros2/sdk/src/arch/linux/net_serial.cpp:\x1b[m\x1b[K In member function \xe2\x80\x98\x1b[01m\x1b[Kvirtual int rp::arch::net::raw_serial::waitforsent(_u32, size_t*)\x1b[m\x1b[K\xe2\x80\x99:\n'}
[3.961599] (rplidar_ros) StderrLine: {'line': b'\x1b[01m\x1b[K/home/nvidia/ros_rlr/src/rplidar_ros2/sdk/src/arch/linux/net_serial.cpp:286:34:\x1b[m\x1b[K \x1b[01;35m\x1b[Kwarning: \x1b[m\x1b[Kunused parameter \xe2\x80\x98\x1b[01m\x1b[Ktimeout\x1b[m\x1b[K\xe2\x80\x99 [\x1b[01;35m\x1b[K\x1b]8;;https://gcc.gnu.org/onlinedocs/gcc/Warning-Options.html#index-Wunused-parameter\x07-Wunused-parameter\x1b]8;;\x07\x1b[m\x1b[K]\n'}
[3.961712] (rplidar_ros) StderrLine: {'line': b'  286 | int raw_serial::waitforsent(\x1b[01;35m\x1b[K_u32 timeout\x1b[m\x1b[K, size_t * returned_size)\n'}
[3.961801] (rplidar_ros) StderrLine: {'line': b'      |                             \x1b[01;35m\x1b[K~~~~~^~~~~~~\x1b[m\x1b[K\n'}
[3.965263] (rplidar_ros) StderrLine: {'line': b'\x1b[01m\x1b[K/home/nvidia/ros_rlr/src/rplidar_ros2/sdk/src/arch/linux/net_serial.cpp:\x1b[m\x1b[K In member function \xe2\x80\x98\x1b[01m\x1b[Kvirtual int rp::arch::net::raw_serial::waitforrecv(_u32, size_t*)\x1b[m\x1b[K\xe2\x80\x99:\n'}
[3.966001] (rplidar_ros) StderrLine: {'line': b'\x1b[01m\x1b[K/home/nvidia/ros_rlr/src/rplidar_ros2/sdk/src/arch/linux/net_serial.cpp:292:34:\x1b[m\x1b[K \x1b[01;35m\x1b[Kwarning: \x1b[m\x1b[Kunused parameter \xe2\x80\x98\x1b[01m\x1b[Ktimeout\x1b[m\x1b[K\xe2\x80\x99 [\x1b[01;35m\x1b[K\x1b]8;;https://gcc.gnu.org/onlinedocs/gcc/Warning-Options.html#index-Wunused-parameter\x07-Wunused-parameter\x1b]8;;\x07\x1b[m\x1b[K]\n'}
[3.966591] (rplidar_ros) StderrLine: {'line': b'  292 | int raw_serial::waitforrecv(\x1b[01;35m\x1b[K_u32 timeout\x1b[m\x1b[K, size_t * returned_size)\n'}
[3.967237] (rplidar_ros) StderrLine: {'line': b'      |                             \x1b[01;35m\x1b[K~~~~~^~~~~~~\x1b[m\x1b[K\n'}
[3.974282] (-) TimerEvent: {}
[4.026786] (sllidar_ros2) StderrLine: {'line': b'In file included from \x1b[01m\x1b[K/home/nvidia/ros_rlr/src/sllidar_ros2/./sdk/src/arch/linux/arch_linux.h:42\x1b[m\x1b[K,\n'}
[4.027561] (sllidar_ros2) StderrLine: {'line': b'                 from \x1b[01m\x1b[K/home/nvidia/ros_rlr/src/sllidar_ros2/./sdk/src/sdkcommon.h:41\x1b[m\x1b[K,\n'}
[4.029757] (sllidar_ros2) StderrLine: {'line': b'                 from \x1b[01m\x1b[K/home/nvidia/ros_rlr/src/sllidar_ros2/sdk/src/arch/linux/net_socket.cpp:10\x1b[m\x1b[K:\n'}
[4.030334] (sllidar_ros2) StderrLine: {'line': b'\x1b[01m\x1b[K/home/nvidia/ros_rlr/src/sllidar_ros2/sdk/src/arch/linux/net_socket.cpp:\x1b[m\x1b[K In member function \xe2\x80\x98\x1b[01m\x1b[Kvirtual u_result rp::arch::net::DGramSocketImpl::sendTo(const rp::net::SocketAddress*, const void*, size_t)\x1b[m\x1b[K\xe2\x80\x99:\n'}
[4.030898] (sllidar_ros2) StderrLine: {'line': b'\x1b[01m\x1b[K/home/nvidia/ros_rlr/src/sllidar_ros2/sdk/src/arch/linux/net_socket.cpp:733:24:\x1b[m\x1b[K \x1b[01;35m\x1b[Kwarning: \x1b[m\x1b[Kcomparison of integer expressions of different signedness: \xe2\x80\x98\x1b[01m\x1b[Kint\x1b[m\x1b[K\xe2\x80\x99 and \xe2\x80\x98\x1b[01m\x1b[Ksize_t\x1b[m\x1b[K\xe2\x80\x99 {aka \xe2\x80\x98\x1b[01m\x1b[Klong unsigned int\x1b[m\x1b[K\xe2\x80\x99} [\x1b[01;35m\x1b[K\x1b]8;;https://gcc.gnu.org/onlinedocs/gcc/Warning-Options.html#index-Wsign-compare\x07-Wsign-compare\x1b]8;;\x07\x1b[m\x1b[K]\n'}
[4.031535] (sllidar_ros2) StderrLine: {'line': b'  733 |             assert(\x1b[01;35m\x1b[Kans == len\x1b[m\x1b[K);\n'}
[4.032125] (sllidar_ros2) StderrLine: {'line': b'      |                    \x1b[01;35m\x1b[K~~~~^~~~~~\x1b[m\x1b[K\n'}
[4.074414] (-) TimerEvent: {}
[4.178398] (-) TimerEvent: {}
[4.253143] (sllidar_ros2) StdoutLine: {'line': b'[ 25%] \x1b[32mBuilding CXX object CMakeFiles/sllidar_node.dir/sdk/src/arch/linux/timer.cpp.o\x1b[0m\n'}
[4.283182] (-) TimerEvent: {}
[4.297733] (rplidar_ros) StdoutLine: {'line': b'[ 66%] \x1b[32mBuilding CXX object CMakeFiles/rplidar_composition_node.dir/sdk/src/rplidar_driver.cpp.o\x1b[0m\n'}
[4.383868] (-) TimerEvent: {}
[4.484811] (-) TimerEvent: {}
[4.585759] (-) TimerEvent: {}
[4.688148] (-) TimerEvent: {}
[4.792142] (-) TimerEvent: {}
[4.892704] (-) TimerEvent: {}
[4.911685] (sllidar_ros2) StdoutLine: {'line': b'[ 30%] \x1b[32mBuilding CXX object CMakeFiles/sllidar_node.dir/sdk/src/dataunpacker/dataunpacker.cpp.o\x1b[0m\n'}
[4.992839] (-) TimerEvent: {}
[5.093243] (-) TimerEvent: {}
[5.118183] (rplidar_ros) StderrLine: {'line': b'In file included from \x1b[01m\x1b[K/home/nvidia/ros_rlr/src/rplidar_ros2/./sdk/include/rplidar.h:39\x1b[m\x1b[K,\n'}
[5.123379] (rplidar_ros) StderrLine: {'line': b'                 from \x1b[01m\x1b[K/home/nvidia/ros_rlr/src/rplidar_ros2/./sdk/src/sdkcommon.h:48\x1b[m\x1b[K,\n'}
[5.123503] (rplidar_ros) StderrLine: {'line': b'                 from \x1b[01m\x1b[K/home/nvidia/ros_rlr/src/rplidar_ros2/sdk/src/hal/thread.cpp:35\x1b[m\x1b[K:\n'}
[5.123607] (rplidar_ros) StderrLine: {'line': b'\x1b[01m\x1b[K/home/nvidia/ros_rlr/src/rplidar_ros2/./sdk/include/rplidar_protocol.h:59:14:\x1b[m\x1b[K \x1b[01;35m\x1b[Kwarning: \x1b[m\x1b[KISO C++ forbids zero-size array \xe2\x80\x98\x1b[01m\x1b[Kdata\x1b[m\x1b[K\xe2\x80\x99 [\x1b[01;35m\x1b[K\x1b]8;;https://gcc.gnu.org/onlinedocs/gcc/Warning-Options.html#index-Wpedantic\x07-Wpedantic\x1b]8;;\x07\x1b[m\x1b[K]\n'}
[5.123704] (rplidar_ros) StderrLine: {'line': b'   59 |     _u8 data[\x1b[01;35m\x1b[K0\x1b[m\x1b[K];\n'}
[5.123785] (rplidar_ros) StderrLine: {'line': b'      |              \x1b[01;35m\x1b[K^\x1b[m\x1b[K\n'}
[5.123865] (rplidar_ros) StderrLine: {'line': b'In file included from \x1b[01m\x1b[K/home/nvidia/ros_rlr/src/rplidar_ros2/./sdk/include/rplidar.h:40\x1b[m\x1b[K,\n'}
[5.123948] (rplidar_ros) StderrLine: {'line': b'                 from \x1b[01m\x1b[K/home/nvidia/ros_rlr/src/rplidar_ros2/./sdk/src/sdkcommon.h:48\x1b[m\x1b[K,\n'}
[5.124027] (rplidar_ros) StderrLine: {'line': b'                 from \x1b[01m\x1b[K/home/nvidia/ros_rlr/src/rplidar_ros2/sdk/src/hal/thread.cpp:35\x1b[m\x1b[K:\n'}
[5.124153] (rplidar_ros) StderrLine: {'line': b'\x1b[01m\x1b[K/home/nvidia/ros_rlr/src/rplidar_ros2/./sdk/include/rplidar_cmd.h:260:18:\x1b[m\x1b[K \x1b[01;35m\x1b[Kwarning: \x1b[m\x1b[KISO C++ forbids zero-size array \xe2\x80\x98\x1b[01m\x1b[Kpayload\x1b[m\x1b[K\xe2\x80\x99 [\x1b[01;35m\x1b[K\x1b]8;;https://gcc.gnu.org/onlinedocs/gcc/Warning-Options.html#index-Wpedantic\x07-Wpedantic\x1b]8;;\x07\x1b[m\x1b[K]\n'}
[5.124243] (rplidar_ros) StderrLine: {'line': b'  260 |     _u8  payload[\x1b[01;35m\x1b[K0\x1b[m\x1b[K];\n'}
[5.124320] (rplidar_ros) StderrLine: {'line': b'      |                  \x1b[01;35m\x1b[K^\x1b[m\x1b[K\n'}
[5.130148] (rplidar_ros) StderrLine: {'line': b'In file included from \x1b[01m\x1b[K/home/nvidia/ros_rlr/src/rplidar_ros2/sdk/src/hal/thread.cpp:43\x1b[m\x1b[K:\n'}
[5.130418] (rplidar_ros) StderrLine: {'line': b'\x1b[01m\x1b[K/home/nvidia/ros_rlr/src/rplidar_ros2/./sdk/src/arch/linux/thread.hpp:\x1b[m\x1b[K In static member function \xe2\x80\x98\x1b[01m\x1b[Kstatic rp::hal::Thread rp::hal::Thread::create(thread_proc_t, void*)\x1b[m\x1b[K\xe2\x80\x99:\n'}
[5.130525] (rplidar_ros) StderrLine: {'line': b'\x1b[01m\x1b[K/home/nvidia/ros_rlr/src/rplidar_ros2/./sdk/src/arch/linux/thread.hpp:48:57:\x1b[m\x1b[K \x1b[01;35m\x1b[Kwarning: \x1b[m\x1b[Kcast between incompatible function types from \xe2\x80\x98\x1b[01m\x1b[Kthread_proc_t\x1b[m\x1b[K\xe2\x80\x99 {aka \xe2\x80\x98\x1b[01m\x1b[Klong unsigned int (*)(void*)\x1b[m\x1b[K\xe2\x80\x99} to \xe2\x80\x98\x1b[01m\x1b[Kvoid* (*)(void*)\x1b[m\x1b[K\xe2\x80\x99 [\x1b[01;35m\x1b[K\x1b]8;;https://gcc.gnu.org/onlinedocs/gcc/Warning-Options.html#index-Wcast-function-type\x07-Wcast-function-type\x1b]8;;\x07\x1b[m\x1b[K]\n'}
[5.130646] (rplidar_ros) StderrLine: {'line': b'   48 |     pthread_create((pthread_t *)&newborn._handle, NULL, \x1b[01;35m\x1b[K(void * (*)(void *))proc\x1b[m\x1b[K, data);\n'}
[5.130734] (rplidar_ros) StderrLine: {'line': b'      |                                                         \x1b[01;35m\x1b[K^~~~~~~~~~~~~~~~~~~~~~~~\x1b[m\x1b[K\n'}
[5.133953] (rplidar_ros) StderrLine: {'line': b'\x1b[01m\x1b[K/home/nvidia/ros_rlr/src/rplidar_ros2/./sdk/src/arch/linux/thread.hpp:\x1b[m\x1b[K In member function \xe2\x80\x98\x1b[01m\x1b[Ku_result rp::hal::Thread::join(long unsigned int)\x1b[m\x1b[K\xe2\x80\x99:\n'}
[5.134217] (rplidar_ros) StderrLine: {'line': b'\x1b[01m\x1b[K/home/nvidia/ros_rlr/src/rplidar_ros2/./sdk/src/arch/linux/thread.hpp:129:37:\x1b[m\x1b[K \x1b[01;35m\x1b[Kwarning: \x1b[m\x1b[Kunused parameter \xe2\x80\x98\x1b[01m\x1b[Ktimeout\x1b[m\x1b[K\xe2\x80\x99 [\x1b[01;35m\x1b[K\x1b]8;;https://gcc.gnu.org/onlinedocs/gcc/Warning-Options.html#index-Wunused-parameter\x07-Wunused-parameter\x1b]8;;\x07\x1b[m\x1b[K]\n'}
[5.134325] (rplidar_ros) StderrLine: {'line': b'  129 | u_result Thread::join(\x1b[01;35m\x1b[Kunsigned long timeout\x1b[m\x1b[K)\n'}
[5.134417] (rplidar_ros) StderrLine: {'line': b'      |                       \x1b[01;35m\x1b[K~~~~~~~~~~~~~~^~~~~~~\x1b[m\x1b[K\n'}
[5.196146] (-) TimerEvent: {}
[5.296580] (-) TimerEvent: {}
[5.326139] (rplidar_ros) StderrLine: {'line': b'In file included from \x1b[01m\x1b[K/home/nvidia/ros_rlr/src/rplidar_ros2/./sdk/include/rplidar.h:39\x1b[m\x1b[K,\n'}
[5.326876] (rplidar_ros) StderrLine: {'line': b'                 from \x1b[01m\x1b[K/home/nvidia/ros_rlr/src/rplidar_ros2/sdk/src/sdkcommon.h:48\x1b[m\x1b[K,\n'}
[5.327009] (rplidar_ros) StderrLine: {'line': b'                 from \x1b[01m\x1b[K/home/nvidia/ros_rlr/src/rplidar_ros2/sdk/src/rplidar_driver.cpp:35\x1b[m\x1b[K:\n'}
[5.327136] (rplidar_ros) StderrLine: {'line': b'\x1b[01m\x1b[K/home/nvidia/ros_rlr/src/rplidar_ros2/./sdk/include/rplidar_protocol.h:59:14:\x1b[m\x1b[K \x1b[01;35m\x1b[Kwarning: \x1b[m\x1b[KISO C++ forbids zero-size array \xe2\x80\x98\x1b[01m\x1b[Kdata\x1b[m\x1b[K\xe2\x80\x99 [\x1b[01;35m\x1b[K\x1b]8;;https://gcc.gnu.org/onlinedocs/gcc/Warning-Options.html#index-Wpedantic\x07-Wpedantic\x1b]8;;\x07\x1b[m\x1b[K]\n'}
[5.327283] (rplidar_ros) StderrLine: {'line': b'   59 |     _u8 data[\x1b[01;35m\x1b[K0\x1b[m\x1b[K];\n'}
[5.327371] (rplidar_ros) StderrLine: {'line': b'      |              \x1b[01;35m\x1b[K^\x1b[m\x1b[K\n'}
[5.331149] (rplidar_ros) StderrLine: {'line': b'In file included from \x1b[01m\x1b[K/home/nvidia/ros_rlr/src/rplidar_ros2/./sdk/include/rplidar.h:40\x1b[m\x1b[K,\n'}
[5.331404] (rplidar_ros) StderrLine: {'line': b'                 from \x1b[01m\x1b[K/home/nvidia/ros_rlr/src/rplidar_ros2/sdk/src/sdkcommon.h:48\x1b[m\x1b[K,\n'}
[5.331514] (rplidar_ros) StderrLine: {'line': b'                 from \x1b[01m\x1b[K/home/nvidia/ros_rlr/src/rplidar_ros2/sdk/src/rplidar_driver.cpp:35\x1b[m\x1b[K:\n'}
[5.331605] (rplidar_ros) StderrLine: {'line': b'\x1b[01m\x1b[K/home/nvidia/ros_rlr/src/rplidar_ros2/./sdk/include/rplidar_cmd.h:260:18:\x1b[m\x1b[K \x1b[01;35m\x1b[Kwarning: \x1b[m\x1b[KISO C++ forbids zero-size array \xe2\x80\x98\x1b[01m\x1b[Kpayload\x1b[m\x1b[K\xe2\x80\x99 [\x1b[01;35m\x1b[K\x1b]8;;https://gcc.gnu.org/onlinedocs/gcc/Warning-Options.html#index-Wpedantic\x07-Wpedantic\x1b]8;;\x07\x1b[m\x1b[K]\n'}
[5.331719] (rplidar_ros) StderrLine: {'line': b'  260 |     _u8  payload[\x1b[01;35m\x1b[K0\x1b[m\x1b[K];\n'}
[5.331812] (rplidar_ros) StderrLine: {'line': b'      |                  \x1b[01;35m\x1b[K^\x1b[m\x1b[K\n'}
[5.396709] (-) TimerEvent: {}
[5.501144] (sllidar_ros2) StdoutLine: {'line': b'[ 35%] \x1b[32mBuilding CXX object CMakeFiles/sllidar_node.dir/sdk/src/dataunpacker/unpacker/handler_capsules.cpp.o\x1b[0m\n'}
[5.501442] (-) TimerEvent: {}
[5.601752] (-) TimerEvent: {}
[5.702151] (-) TimerEvent: {}
[5.720127] (rplidar_ros) StderrLine: {'line': b'\x1b[01m\x1b[K/home/nvidia/ros_rlr/src/rplidar_ros2/sdk/src/rplidar_driver.cpp:\x1b[m\x1b[K In member function \xe2\x80\x98\x1b[01m\x1b[Kvirtual u_result rp::standalone::rplidar::RPlidarDriverImplCommon::reset(_u32)\x1b[m\x1b[K\xe2\x80\x99:\n'}
[5.720679] (rplidar_ros) StderrLine: {'line': b'\x1b[01m\x1b[K/home/nvidia/ros_rlr/src/rplidar_ros2/sdk/src/rplidar_driver.cpp:121:46:\x1b[m\x1b[K \x1b[01;35m\x1b[Kwarning: \x1b[m\x1b[Kunused parameter \xe2\x80\x98\x1b[01m\x1b[Ktimeout\x1b[m\x1b[K\xe2\x80\x99 [\x1b[01;35m\x1b[K\x1b]8;;https://gcc.gnu.org/onlinedocs/gcc/Warning-Options.html#index-Wunused-parameter\x07-Wunused-parameter\x1b]8;;\x07\x1b[m\x1b[K]\n'}
[5.720827] (rplidar_ros) StderrLine: {'line': b'  121 | u_result RPlidarDriverImplCommon::reset(\x1b[01;35m\x1b[K_u32 timeout\x1b[m\x1b[K)\n'}
[5.720936] (rplidar_ros) StderrLine: {'line': b'      |                                         \x1b[01;35m\x1b[K~~~~~^~~~~~~\x1b[m\x1b[K\n'}
[5.727417] (rplidar_ros) StderrLine: {'line': b'\x1b[01m\x1b[K/home/nvidia/ros_rlr/src/rplidar_ros2/sdk/src/rplidar_driver.cpp:\x1b[m\x1b[K In member function \xe2\x80\x98\x1b[01m\x1b[Kvirtual u_result rp::standalone::rplidar::RPlidarDriverImplCommon::checkIfTofLidar(bool&, _u32)\x1b[m\x1b[K\xe2\x80\x99:\n'}
[5.727687] (rplidar_ros) StderrLine: {'line': b'\x1b[01m\x1b[K/home/nvidia/ros_rlr/src/rplidar_ros2/sdk/src/rplidar_driver.cpp:275:75:\x1b[m\x1b[K \x1b[01;35m\x1b[Kwarning: \x1b[m\x1b[Kunused parameter \xe2\x80\x98\x1b[01m\x1b[Ktimeout\x1b[m\x1b[K\xe2\x80\x99 [\x1b[01;35m\x1b[K\x1b]8;;https://gcc.gnu.org/onlinedocs/gcc/Warning-Options.html#index-Wunused-parameter\x07-Wunused-parameter\x1b]8;;\x07\x1b[m\x1b[K]\n'}
[5.727803] (rplidar_ros) StderrLine: {'line': b'  275 | u_result RPlidarDriverImplCommon::checkIfTofLidar(bool & isTofLidar, \x1b[01;35m\x1b[K_u32 timeout\x1b[m\x1b[K)\n'}
[5.727900] (rplidar_ros) StderrLine: {'line': b'      |                                                                      \x1b[01;35m\x1b[K~~~~~^~~~~~~\x1b[m\x1b[K\n'}
[5.737783] (rplidar_ros) StderrLine: {'line': b'\x1b[01m\x1b[K/home/nvidia/ros_rlr/src/rplidar_ros2/sdk/src/rplidar_driver.cpp:\x1b[m\x1b[K In member function \xe2\x80\x98\x1b[01m\x1b[Kvirtual int rp::standalone::rplidar::RPlidarDriverImplCommon::_getSyncBitByAngle(int, int)\x1b[m\x1b[K\xe2\x80\x99:\n'}
[5.740624] (rplidar_ros) StderrLine: {'line': b'\x1b[01m\x1b[K/home/nvidia/ros_rlr/src/rplidar_ros2/sdk/src/rplidar_driver.cpp:671:16:\x1b[m\x1b[K \x1b[01;35m\x1b[Kwarning: \x1b[m\x1b[Kvariable \xe2\x80\x98\x1b[01m\x1b[Klast_angleInc_q16\x1b[m\x1b[K\xe2\x80\x99 set but not used [\x1b[01;35m\x1b[K\x1b]8;;https://gcc.gnu.org/onlinedocs/gcc/Warning-Options.html#index-Wunused-but-set-variable\x07-Wunused-but-set-variable\x1b]8;;\x07\x1b[m\x1b[K]\n'}
[5.741198] (rplidar_ros) StderrLine: {'line': b'  671 |     static int \x1b[01;35m\x1b[Klast_angleInc_q16\x1b[m\x1b[K = 0;\n'}
[5.741326] (rplidar_ros) StderrLine: {'line': b'      |                \x1b[01;35m\x1b[K^~~~~~~~~~~~~~~~~\x1b[m\x1b[K\n'}
[5.741424] (rplidar_ros) StderrLine: {'line': b'\x1b[01m\x1b[K/home/nvidia/ros_rlr/src/rplidar_ros2/sdk/src/rplidar_driver.cpp:673:9:\x1b[m\x1b[K \x1b[01;35m\x1b[Kwarning: \x1b[m\x1b[Kunused variable \xe2\x80\x98\x1b[01m\x1b[KsyncBit_check_threshold\x1b[m\x1b[K\xe2\x80\x99 [\x1b[01;35m\x1b[K\x1b]8;;https://gcc.gnu.org/onlinedocs/gcc/Warning-Options.html#index-Wunused-variable\x07-Wunused-variable\x1b]8;;\x07\x1b[m\x1b[K]\n'}
[5.741525] (rplidar_ros) StderrLine: {'line': b'  673 |     int \x1b[01;35m\x1b[KsyncBit_check_threshold\x1b[m\x1b[K = (int)((5 << 16) / angleInc_q16) + 1;//find syncBit in 0~3 degree\n'}
[5.741615] (rplidar_ros) StderrLine: {'line': b'      |         \x1b[01;35m\x1b[K^~~~~~~~~~~~~~~~~~~~~~~\x1b[m\x1b[K\n'}
[5.743396] (rplidar_ros) StderrLine: {'line': b'\x1b[01m\x1b[K/home/nvidia/ros_rlr/src/rplidar_ros2/sdk/src/rplidar_driver.cpp:\x1b[m\x1b[K In member function \xe2\x80\x98\x1b[01m\x1b[Kvirtual u_result rp::standalone::rplidar::RPlidarDriverImplCommon::_cacheUltraCapsuledScanData()\x1b[m\x1b[K\xe2\x80\x99:\n'}
[5.743640] (rplidar_ros) StderrLine: {'line': b'\x1b[01m\x1b[K/home/nvidia/ros_rlr/src/rplidar_ros2/sdk/src/rplidar_driver.cpp:771:46:\x1b[m\x1b[K \x1b[01;35m\x1b[Kwarning: \x1b[m\x1b[Kunused variable \xe2\x80\x98\x1b[01m\x1b[Klast_scan_count\x1b[m\x1b[K\xe2\x80\x99 [\x1b[01;35m\x1b[K\x1b]8;;https://gcc.gnu.org/onlinedocs/gcc/Warning-Options.html#index-Wunused-variable\x07-Wunused-variable\x1b]8;;\x07\x1b[m\x1b[K]\n'}
[5.743742] (rplidar_ros) StderrLine: {'line': b'  771 |     size_t                                   \x1b[01;35m\x1b[Klast_scan_count\x1b[m\x1b[K = 0;\n'}
[5.743828] (rplidar_ros) StderrLine: {'line': b'      |                                              \x1b[01;35m\x1b[K^~~~~~~~~~~~~~~\x1b[m\x1b[K\n'}
[5.749143] (rplidar_ros) StderrLine: {'line': b'\x1b[01m\x1b[K/home/nvidia/ros_rlr/src/rplidar_ros2/sdk/src/rplidar_driver.cpp:\x1b[m\x1b[K In member function \xe2\x80\x98\x1b[01m\x1b[Kvirtual void rp::standalone::rplidar::RPlidarDriverImplCommon::_capsuleToNormal(const rplidar_response_capsule_measurement_nodes_t&, rplidar_response_measurement_node_hq_t*, size_t&)\x1b[m\x1b[K\xe2\x80\x99:\n'}
[5.749898] (rplidar_ros) StderrLine: {'line': b'\x1b[01m\x1b[K/home/nvidia/ros_rlr/src/rplidar_ros2/sdk/src/rplidar_driver.cpp:850:17:\x1b[m\x1b[K \x1b[01;35m\x1b[Kwarning: \x1b[m\x1b[Kunused variable \xe2\x80\x98\x1b[01m\x1b[KsyncBit_check_threshold\x1b[m\x1b[K\xe2\x80\x99 [\x1b[01;35m\x1b[K\x1b]8;;https://gcc.gnu.org/onlinedocs/gcc/Warning-Options.html#index-Wunused-variable\x07-Wunused-variable\x1b]8;;\x07\x1b[m\x1b[K]\n'}
[5.750047] (rplidar_ros) StderrLine: {'line': b'  850 |             int \x1b[01;35m\x1b[KsyncBit_check_threshold\x1b[m\x1b[K = (int)((2 << 16) / angleInc_q16) + 1;//find syncBit in 0~1 degree\n'}
[5.752640] (rplidar_ros) StderrLine: {'line': b'      |                 \x1b[01;35m\x1b[K^~~~~~~~~~~~~~~~~~~~~~~\x1b[m\x1b[K\n'}
[5.753325] (rplidar_ros) StderrLine: {'line': b'\x1b[01m\x1b[K/home/nvidia/ros_rlr/src/rplidar_ros2/sdk/src/rplidar_driver.cpp:\x1b[m\x1b[K In member function \xe2\x80\x98\x1b[01m\x1b[Kvirtual void rp::standalone::rplidar::RPlidarDriverImplCommon::_dense_capsuleToNormal(const rplidar_response_capsule_measurement_nodes_t&, rplidar_response_measurement_node_hq_t*, size_t&)\x1b[m\x1b[K\xe2\x80\x99:\n'}
[5.757409] (rplidar_ros) StderrLine: {'line': b'\x1b[01m\x1b[K/home/nvidia/ros_rlr/src/rplidar_ros2/sdk/src/rplidar_driver.cpp:903:30:\x1b[m\x1b[K \x1b[01;35m\x1b[Kwarning: \x1b[m\x1b[Ktype qualifiers ignored on cast result type [\x1b[01;35m\x1b[K\x1b]8;;https://gcc.gnu.org/onlinedocs/gcc/Warning-Options.html#index-Wignored-qualifiers\x07-Wignored-qualifiers\x1b]8;;\x07\x1b[m\x1b[K]\n'}
[5.757801] (rplidar_ros) StderrLine: {'line': b'  903 |             const int dist = \x1b[01;35m\x1b[Kstatic_cast<const int>(_cached_previous_dense_capsuledata.cabins[pos].distance)\x1b[m\x1b[K;\n'}
[5.757906] (rplidar_ros) StderrLine: {'line': b'      |                              \x1b[01;35m\x1b[K^~~~~~~~~~~~~~~~~~~~~~~~~~~~~~~~~~~~~~~~~~~~~~~~~~~~~~~~~~~~~~~~~~~~~~~~~~~~~~~\x1b[m\x1b[K\n'}
[5.757999] (rplidar_ros) StderrLine: {'line': b'\x1b[01m\x1b[K/home/nvidia/ros_rlr/src/rplidar_ros2/sdk/src/rplidar_driver.cpp:\x1b[m\x1b[K In function \xe2\x80\x98\x1b[01m\x1b[K_u32 rp::standalone::rplidar::_crc32cal(_u32, void*, _u16)\x1b[m\x1b[K\xe2\x80\x99:\n'}
[5.758112] (rplidar_ros) StderrLine: {'line': b'\x1b[01m\x1b[K/home/nvidia/ros_rlr/src/rplidar_ros2/sdk/src/rplidar_driver.cpp:1027:23:\x1b[m\x1b[K \x1b[01;35m\x1b[Kwarning: \x1b[m\x1b[Ksuggest parentheses around \xe2\x80\x98\x1b[01m\x1b[K-\x1b[m\x1b[K\xe2\x80\x99 in operand of \xe2\x80\x98\x1b[01m\x1b[K&\x1b[m\x1b[K\xe2\x80\x99 [\x1b[01;35m\x1b[K\x1b]8;;https://gcc.gnu.org/onlinedocs/gcc/Warning-Options.html#index-Wparentheses\x07-Wparentheses\x1b]8;;\x07\x1b[m\x1b[K]\n'}
[5.758204] (rplidar_ros) StderrLine: {'line': b' 1027 |     _u8 leftBytes = \x1b[01;35m\x1b[K4 - len\x1b[m\x1b[K & 0x3;\n'}
[5.758295] (rplidar_ros) StderrLine: {'line': b'      |                     \x1b[01;35m\x1b[K~~^~~~~\x1b[m\x1b[K\n'}
[5.758388] (rplidar_ros) StderrLine: {'line': b'\x1b[01m\x1b[K/home/nvidia/ros_rlr/src/rplidar_ros2/sdk/src/rplidar_driver.cpp:\x1b[m\x1b[K In member function \xe2\x80\x98\x1b[01m\x1b[Kvirtual void rp::standalone::rplidar::RPlidarDriverImplCommon::_ultraCapsuleToNormal(const rplidar_response_ultra_capsule_measurement_nodes_t&, rplidar_response_measurement_node_hq_t*, size_t&)\x1b[m\x1b[K\xe2\x80\x99:\n'}
[5.758472] (rplidar_ros) StderrLine: {'line': b'\x1b[01m\x1b[K/home/nvidia/ros_rlr/src/rplidar_ros2/sdk/src/rplidar_driver.cpp:1238:32:\x1b[m\x1b[K \x1b[01;35m\x1b[Kwarning: \x1b[m\x1b[Kcomparison of integer expressions of different signedness: \xe2\x80\x98\x1b[01m\x1b[Kint\x1b[m\x1b[K\xe2\x80\x99 and \xe2\x80\x98\x1b[01m\x1b[Kunsigned int\x1b[m\x1b[K\xe2\x80\x99 [\x1b[01;35m\x1b[K\x1b]8;;https://gcc.gnu.org/onlinedocs/gcc/Warning-Options.html#index-Wsign-compare\x07-Wsign-compare\x1b]8;;\x07\x1b[m\x1b[K]\n'}
[5.758581] (rplidar_ros) StderrLine: {'line': b' 1238 |             if ((\x1b[01;35m\x1b[Kdist_predict1 == 0xFFFFFE00\x1b[m\x1b[K) || (dist_predict1 == 0x1FF)) {\n'}
[5.758672] (rplidar_ros) StderrLine: {'line': b'      |                  \x1b[01;35m\x1b[K~~~~~~~~~~~~~~^~~~~~~~~~~~~\x1b[m\x1b[K\n'}
[5.765543] (rplidar_ros) StderrLine: {'line': b'\x1b[01m\x1b[K/home/nvidia/ros_rlr/src/rplidar_ros2/sdk/src/rplidar_driver.cpp:1246:32:\x1b[m\x1b[K \x1b[01;35m\x1b[Kwarning: \x1b[m\x1b[Kcomparison of integer expressions of different signedness: \xe2\x80\x98\x1b[01m\x1b[Kint\x1b[m\x1b[K\xe2\x80\x99 and \xe2\x80\x98\x1b[01m\x1b[Kunsigned int\x1b[m\x1b[K\xe2\x80\x99 [\x1b[01;35m\x1b[K\x1b]8;;https://gcc.gnu.org/onlinedocs/gcc/Warning-Options.html#index-Wsign-compare\x07-Wsign-compare\x1b]8;;\x07\x1b[m\x1b[K]\n'}
[5.765803] (rplidar_ros) StderrLine: {'line': b' 1246 |             if ((\x1b[01;35m\x1b[Kdist_predict2 == 0xFFFFFE00\x1b[m\x1b[K) || (dist_predict2 == 0x1FF)) {\n'}
[5.765909] (rplidar_ros) StderrLine: {'line': b'      |                  \x1b[01;35m\x1b[K~~~~~~~~~~~~~~^~~~~~~~~~~~~\x1b[m\x1b[K\n'}
[5.766011] (rplidar_ros) StderrLine: {'line': b'\x1b[01m\x1b[K/home/nvidia/ros_rlr/src/rplidar_ros2/sdk/src/rplidar_driver.cpp:1256:21:\x1b[m\x1b[K \x1b[01;35m\x1b[Kwarning: \x1b[m\x1b[Kunused variable \xe2\x80\x98\x1b[01m\x1b[KsyncBit_check_threshold\x1b[m\x1b[K\xe2\x80\x99 [\x1b[01;35m\x1b[K\x1b]8;;https://gcc.gnu.org/onlinedocs/gcc/Warning-Options.html#index-Wunused-variable\x07-Wunused-variable\x1b]8;;\x07\x1b[m\x1b[K]\n'}
[5.766129] (rplidar_ros) StderrLine: {'line': b' 1256 |                 int \x1b[01;35m\x1b[KsyncBit_check_threshold\x1b[m\x1b[K = (int)((3 << 16) / angleInc_q16)+1;//find syncBit in 0~1 degree\n'}
[5.766210] (rplidar_ros) StderrLine: {'line': b'      |                     \x1b[01;35m\x1b[K^~~~~~~~~~~~~~~~~~~~~~~\x1b[m\x1b[K\n'}
[5.777010] (rplidar_ros) StderrLine: {'line': b'\x1b[01m\x1b[K/home/nvidia/ros_rlr/src/rplidar_ros2/sdk/src/rplidar_driver.cpp:\x1b[m\x1b[K In member function \xe2\x80\x98\x1b[01m\x1b[Kvirtual u_result rp::standalone::rplidar::RPlidarDriverImplCommon::getAllSupportedScanModes(std::vector<rp::standalone::rplidar::RplidarScanMode>&, _u32)\x1b[m\x1b[K\xe2\x80\x99:\n'}
[5.777815] (rplidar_ros) StderrLine: {'line': b'\x1b[01m\x1b[K/home/nvidia/ros_rlr/src/rplidar_ros2/sdk/src/rplidar_driver.cpp:1484:105:\x1b[m\x1b[K \x1b[01;35m\x1b[Kwarning: \x1b[m\x1b[Kunused parameter \xe2\x80\x98\x1b[01m\x1b[KtimeoutInMs\x1b[m\x1b[K\xe2\x80\x99 [\x1b[01;35m\x1b[K\x1b]8;;https://gcc.gnu.org/onlinedocs/gcc/Warning-Options.html#index-Wunused-parameter\x07-Wunused-parameter\x1b]8;;\x07\x1b[m\x1b[K]\n'}
[5.778404] (rplidar_ros) StderrLine: {'line': b' 1484 | u_result RPlidarDriverImplCommon::getAllSupportedScanModes(std::vector<RplidarScanMode>& outModes, \x1b[01;35m\x1b[K_u32 timeoutInMs\x1b[m\x1b[K)\n'}
[5.778920] (rplidar_ros) StderrLine: {'line': b'      |                                                                                                    \x1b[01;35m\x1b[K~~~~~^~~~~~~~~~~\x1b[m\x1b[K\n'}
[5.783136] (rplidar_ros) StderrLine: {'line': b'\x1b[01m\x1b[K/home/nvidia/ros_rlr/src/rplidar_ros2/sdk/src/rplidar_driver.cpp:\x1b[m\x1b[K In member function \xe2\x80\x98\x1b[01m\x1b[Kvirtual u_result rp::standalone::rplidar::RPlidarDriverImplCommon::startScan(bool, bool, _u32, rp::standalone::rplidar::RplidarScanMode*)\x1b[m\x1b[K\xe2\x80\x99:\n'}
[5.785552] (rplidar_ros) StderrLine: {'line': b'\x1b[01m\x1b[K/home/nvidia/ros_rlr/src/rplidar_ros2/sdk/src/rplidar_driver.cpp:1581:83:\x1b[m\x1b[K \x1b[01;35m\x1b[Kwarning: \x1b[m\x1b[Kunused parameter \xe2\x80\x98\x1b[01m\x1b[Koptions\x1b[m\x1b[K\xe2\x80\x99 [\x1b[01;35m\x1b[K\x1b]8;;https://gcc.gnu.org/onlinedocs/gcc/Warning-Options.html#index-Wunused-parameter\x07-Wunused-parameter\x1b]8;;\x07\x1b[m\x1b[K]\n'}
[5.786139] (rplidar_ros) StderrLine: {'line': b' 1581 | u_result RPlidarDriverImplCommon::startScan(bool force, bool useTypicalScan, \x1b[01;35m\x1b[K_u32 options\x1b[m\x1b[K, RplidarScanMode* outUsedScanMode)\n'}
[5.786677] (rplidar_ros) StderrLine: {'line': b'      |                                                                              \x1b[01;35m\x1b[K~~~~~^~~~~~~\x1b[m\x1b[K\n'}
[5.788574] (rplidar_ros) StderrLine: {'line': b'\x1b[01m\x1b[K/home/nvidia/ros_rlr/src/rplidar_ros2/sdk/src/rplidar_driver.cpp:\x1b[m\x1b[K In member function \xe2\x80\x98\x1b[01m\x1b[Kvirtual u_result rp::standalone::rplidar::RPlidarDriverImplCommon::stop(_u32)\x1b[m\x1b[K\xe2\x80\x99:\n'}
[5.789236] (rplidar_ros) StderrLine: {'line': b'\x1b[01m\x1b[K/home/nvidia/ros_rlr/src/rplidar_ros2/sdk/src/rplidar_driver.cpp:1805:45:\x1b[m\x1b[K \x1b[01;35m\x1b[Kwarning: \x1b[m\x1b[Kunused parameter \xe2\x80\x98\x1b[01m\x1b[Ktimeout\x1b[m\x1b[K\xe2\x80\x99 [\x1b[01;35m\x1b[K\x1b]8;;https://gcc.gnu.org/onlinedocs/gcc/Warning-Options.html#index-Wunused-parameter\x07-Wunused-parameter\x1b]8;;\x07\x1b[m\x1b[K]\n'}
[5.789739] (rplidar_ros) StderrLine: {'line': b' 1805 | u_result RPlidarDriverImplCommon::stop(\x1b[01;35m\x1b[K_u32 timeout\x1b[m\x1b[K)\n'}
[5.790016] (rplidar_ros) StderrLine: {'line': b'      |                                        \x1b[01;35m\x1b[K~~~~~^~~~~~~\x1b[m\x1b[K\n'}
[5.800143] (rplidar_ros) StderrLine: {'line': b'\x1b[01m\x1b[K/home/nvidia/ros_rlr/src/rplidar_ros2/sdk/src/rplidar_driver.cpp:\x1b[m\x1b[K In member function \xe2\x80\x98\x1b[01m\x1b[Kvirtual u_result rp::standalone::rplidar::RPlidarDriverImplCommon::setLidarSpinSpeed(_u16, _u32)\x1b[m\x1b[K\xe2\x80\x99:\n'}
[5.800886] (rplidar_ros) StderrLine: {'line': b'\x1b[01m\x1b[K/home/nvidia/ros_rlr/src/rplidar_ros2/sdk/src/rplidar_driver.cpp:2193:68:\x1b[m\x1b[K \x1b[01;35m\x1b[Kwarning: \x1b[m\x1b[Kunused parameter \xe2\x80\x98\x1b[01m\x1b[Ktimeout\x1b[m\x1b[K\xe2\x80\x99 [\x1b[01;35m\x1b[K\x1b]8;;https://gcc.gnu.org/onlinedocs/gcc/Warning-Options.html#index-Wunused-parameter\x07-Wunused-parameter\x1b]8;;\x07\x1b[m\x1b[K]\n'}
[5.801483] (rplidar_ros) StderrLine: {'line': b' 2193 | u_result RPlidarDriverImplCommon::setLidarSpinSpeed(_u16 rpm, \x1b[01;35m\x1b[K_u32 timeout\x1b[m\x1b[K)\n'}
[5.802013] (rplidar_ros) StderrLine: {'line': b'      |                                                               \x1b[01;35m\x1b[K~~~~~^~~~~~~\x1b[m\x1b[K\n'}
[5.802336] (-) TimerEvent: {}
[5.808144] (rplidar_ros) StderrLine: {'line': b'\x1b[01m\x1b[K/home/nvidia/ros_rlr/src/rplidar_ros2/sdk/src/rplidar_driver.cpp:\x1b[m\x1b[K In member function \xe2\x80\x98\x1b[01m\x1b[Kvirtual u_result rp::standalone::rplidar::RPlidarDriverSerial::connect(const char*, _u32, _u32)\x1b[m\x1b[K\xe2\x80\x99:\n'}
[5.808892] (rplidar_ros) StderrLine: {'line': b'\x1b[01m\x1b[K/home/nvidia/ros_rlr/src/rplidar_ros2/sdk/src/rplidar_driver.cpp:2270:83:\x1b[m\x1b[K \x1b[01;35m\x1b[Kwarning: \x1b[m\x1b[Kunused parameter \xe2\x80\x98\x1b[01m\x1b[Kflag\x1b[m\x1b[K\xe2\x80\x99 [\x1b[01;35m\x1b[K\x1b]8;;https://gcc.gnu.org/onlinedocs/gcc/Warning-Options.html#index-Wunused-parameter\x07-Wunused-parameter\x1b]8;;\x07\x1b[m\x1b[K]\n'}
[5.809490] (rplidar_ros) StderrLine: {'line': b' 2270 | u_result RPlidarDriverSerial::connect(const char * port_path, _u32 baudrate, \x1b[01;35m\x1b[K_u32 flag\x1b[m\x1b[K)\n'}
[5.810072] (rplidar_ros) StderrLine: {'line': b'      |                                                                              \x1b[01;35m\x1b[K~~~~~^~~~\x1b[m\x1b[K\n'}
[5.810364] (rplidar_ros) StderrLine: {'line': b'\x1b[01m\x1b[K/home/nvidia/ros_rlr/src/rplidar_ros2/sdk/src/rplidar_driver.cpp:\x1b[m\x1b[K In member function \xe2\x80\x98\x1b[01m\x1b[Kvirtual u_result rp::standalone::rplidar::RPlidarDriverTCP::connect(const char*, _u32, _u32)\x1b[m\x1b[K\xe2\x80\x99:\n'}
[5.810455] (rplidar_ros) StderrLine: {'line': b'\x1b[01m\x1b[K/home/nvidia/ros_rlr/src/rplidar_ros2/sdk/src/rplidar_driver.cpp:2312:72:\x1b[m\x1b[K \x1b[01;35m\x1b[Kwarning: \x1b[m\x1b[Kunused parameter \xe2\x80\x98\x1b[01m\x1b[Kflag\x1b[m\x1b[K\xe2\x80\x99 [\x1b[01;35m\x1b[K\x1b]8;;https://gcc.gnu.org/onlinedocs/gcc/Warning-Options.html#index-Wunused-parameter\x07-Wunused-parameter\x1b]8;;\x07\x1b[m\x1b[K]\n'}
[5.810553] (rplidar_ros) StderrLine: {'line': b' 2312 | u_result RPlidarDriverTCP::connect(const char * ipStr, _u32 port, \x1b[01;35m\x1b[K_u32 flag\x1b[m\x1b[K)\n'}
[5.810634] (rplidar_ros) StderrLine: {'line': b'      |                                                                   \x1b[01;35m\x1b[K~~~~~^~~~\x1b[m\x1b[K\n'}
[5.902711] (-) TimerEvent: {}
[5.932248] (rplidar_ros) StderrLine: {'line': b'/home/nvidia/ros_rlr/src/rplidar_ros2/sdk/src/rplidar_driver.cpp: In instantiation of \xe2\x80\x98\x1b[01m\x1b[Ku_result rp::standalone::rplidar::ascendScanData_(TNode*, size_t) [with TNode = _rplidar_response_measurement_node_t; u_result = unsigned int; size_t = long unsigned int]\x1b[m\x1b[K\xe2\x80\x99:\n'}
[5.932983] (rplidar_ros) StderrLine: {'line': b'\x1b[01m\x1b[K/home/nvidia/ros_rlr/src/rplidar_ros2/sdk/src/rplidar_driver.cpp:2025:64:\x1b[m\x1b[K   required from here\n'}
[5.933697] (rplidar_ros) StderrLine: {'line': b'\x1b[01m\x1b[K/home/nvidia/ros_rlr/src/rplidar_ros2/sdk/src/rplidar_driver.cpp:1991:27:\x1b[m\x1b[K \x1b[01;35m\x1b[Kwarning: \x1b[m\x1b[Kcomparison of unsigned expression in \xe2\x80\x98\x1b[01m\x1b[K>= 0\x1b[m\x1b[K\xe2\x80\x99 is always true [\x1b[01;35m\x1b[K\x1b]8;;https://gcc.gnu.org/onlinedocs/gcc/Warning-Options.html#index-Wtype-limits\x07-Wtype-limits\x1b]8;;\x07\x1b[m\x1b[K]\n'}
[5.933873] (rplidar_ros) StderrLine: {'line': b' 1991 |     for (i = count - 1; \x1b[01;35m\x1b[Ki >= 0\x1b[m\x1b[K; i--) {\n'}
[5.933997] (rplidar_ros) StderrLine: {'line': b'      |                         \x1b[01;35m\x1b[K~~^~~~\x1b[m\x1b[K\n'}
[5.934135] (rplidar_ros) StderrLine: {'line': b'/home/nvidia/ros_rlr/src/rplidar_ros2/sdk/src/rplidar_driver.cpp: In instantiation of \xe2\x80\x98\x1b[01m\x1b[Ku_result rp::standalone::rplidar::ascendScanData_(TNode*, size_t) [with TNode = rplidar_response_measurement_node_hq_t; u_result = unsigned int; size_t = long unsigned int]\x1b[m\x1b[K\xe2\x80\x99:\n'}
[5.934234] (rplidar_ros) StderrLine: {'line': b'\x1b[01m\x1b[K/home/nvidia/ros_rlr/src/rplidar_ros2/sdk/src/rplidar_driver.cpp:2030:67:\x1b[m\x1b[K   required from here\n'}
[5.934321] (rplidar_ros) StderrLine: {'line': b'\x1b[01m\x1b[K/home/nvidia/ros_rlr/src/rplidar_ros2/sdk/src/rplidar_driver.cpp:1991:27:\x1b[m\x1b[K \x1b[01;35m\x1b[Kwarning: \x1b[m\x1b[Kcomparison of unsigned expression in \xe2\x80\x98\x1b[01m\x1b[K>= 0\x1b[m\x1b[K\xe2\x80\x99 is always true [\x1b[01;35m\x1b[K\x1b]8;;https://gcc.gnu.org/onlinedocs/gcc/Warning-Options.html#index-Wtype-limits\x07-Wtype-limits\x1b]8;;\x07\x1b[m\x1b[K]\n'}
[6.005136] (-) TimerEvent: {}
[6.106027] (-) TimerEvent: {}
[6.174936] (rplidar_ros) StderrLine: {'line': b'\x1b[01m\x1b[K/home/nvidia/ros_rlr/src/rplidar_ros2/sdk/src/rplidar_driver.cpp:\x1b[m\x1b[K In member function \xe2\x80\x98\x1b[01m\x1b[Kvirtual u_result rp::standalone::rplidar::RPlidarDriverImplCommon::startMotor()\x1b[m\x1b[K\xe2\x80\x99:\n'}
[6.175707] (rplidar_ros) StderrLine: {'line': b'\x1b[01m\x1b[K/home/nvidia/ros_rlr/src/rplidar_ros2/sdk/src/rplidar_driver.cpp:2225:1:\x1b[m\x1b[K \x1b[01;35m\x1b[Kwarning: \x1b[m\x1b[Kcontrol reaches end of non-void function [\x1b[01;35m\x1b[K\x1b]8;;https://gcc.gnu.org/onlinedocs/gcc/Warning-Options.html#index-Wreturn-type\x07-Wreturn-type\x1b]8;;\x07\x1b[m\x1b[K]\n'}
[6.176320] (rplidar_ros) StderrLine: {'line': b' 2225 | \x1b[01;35m\x1b[K}\x1b[m\x1b[K\n'}
[6.176635] (rplidar_ros) StderrLine: {'line': b'      | \x1b[01;35m\x1b[K^\x1b[m\x1b[K\n'}
[6.210142] (-) TimerEvent: {}
[6.311306] (-) TimerEvent: {}
[6.370496] (sllidar_ros2) StderrLine: {'line': b'In file included from \x1b[01m\x1b[K/home/nvidia/ros_rlr/src/sllidar_ros2/./sdk/include/rplidar_protocol.h:36\x1b[m\x1b[K,\n'}
[6.371259] (sllidar_ros2) StderrLine: {'line': b'                 from \x1b[01m\x1b[K/home/nvidia/ros_rlr/src/sllidar_ros2/./sdk/include/rplidar.h:39\x1b[m\x1b[K,\n'}
[6.372360] (sllidar_ros2) StderrLine: {'line': b'                 from \x1b[01m\x1b[K/home/nvidia/ros_rlr/src/sllidar_ros2/./sdk/src/sdkcommon.h:49\x1b[m\x1b[K,\n'}
[6.372806] (sllidar_ros2) StderrLine: {'line': b'                 from \x1b[01m\x1b[K/home/nvidia/ros_rlr/src/sllidar_ros2/sdk/src/dataunpacker/dataunnpacker_commondef.h:41\x1b[m\x1b[K,\n'}
[6.372915] (sllidar_ros2) StderrLine: {'line': b'                 from \x1b[01m\x1b[K/home/nvidia/ros_rlr/src/sllidar_ros2/sdk/src/dataunpacker/dataunpacker.cpp:39\x1b[m\x1b[K:\n'}
[6.373005] (sllidar_ros2) StderrLine: {'line': b'\x1b[01m\x1b[K/home/nvidia/ros_rlr/src/sllidar_ros2/./sdk/include/sl_lidar_protocol.h:66:16:\x1b[m\x1b[K \x1b[01;35m\x1b[Kwarning: \x1b[m\x1b[KISO C++ forbids zero-size array \xe2\x80\x98\x1b[01m\x1b[Kdata\x1b[m\x1b[K\xe2\x80\x99 [\x1b[01;35m\x1b[K\x1b]8;;https://gcc.gnu.org/onlinedocs/gcc/Warning-Options.html#index-Wpedantic\x07-Wpedantic\x1b]8;;\x07\x1b[m\x1b[K]\n'}
[6.373134] (sllidar_ros2) StderrLine: {'line': b'   66 |     sl_u8 data[\x1b[01;35m\x1b[K0\x1b[m\x1b[K];\n'}
[6.373229] (sllidar_ros2) StderrLine: {'line': b'      |                \x1b[01;35m\x1b[K^\x1b[m\x1b[K\n'}
[6.379148] (sllidar_ros2) StderrLine: {'line': b'In file included from \x1b[01m\x1b[K/home/nvidia/ros_rlr/src/sllidar_ros2/./sdk/include/rplidar_cmd.h:36\x1b[m\x1b[K,\n'}
[6.379908] (sllidar_ros2) StderrLine: {'line': b'                 from \x1b[01m\x1b[K/home/nvidia/ros_rlr/src/sllidar_ros2/./sdk/include/rplidar.h:40\x1b[m\x1b[K,\n'}
[6.380496] (sllidar_ros2) StderrLine: {'line': b'                 from \x1b[01m\x1b[K/home/nvidia/ros_rlr/src/sllidar_ros2/./sdk/src/sdkcommon.h:49\x1b[m\x1b[K,\n'}
[6.380736] (sllidar_ros2) StderrLine: {'line': b'                 from \x1b[01m\x1b[K/home/nvidia/ros_rlr/src/sllidar_ros2/sdk/src/dataunpacker/dataunnpacker_commondef.h:41\x1b[m\x1b[K,\n'}
[6.380834] (sllidar_ros2) StderrLine: {'line': b'                 from \x1b[01m\x1b[K/home/nvidia/ros_rlr/src/sllidar_ros2/sdk/src/dataunpacker/dataunpacker.cpp:39\x1b[m\x1b[K:\n'}
[6.381611] (sllidar_ros2) StderrLine: {'line': b'\x1b[01m\x1b[K/home/nvidia/ros_rlr/src/sllidar_ros2/./sdk/include/sl_lidar_cmd.h:324:20:\x1b[m\x1b[K \x1b[01;35m\x1b[Kwarning: \x1b[m\x1b[KISO C++ forbids zero-size array \xe2\x80\x98\x1b[01m\x1b[Kpayload\x1b[m\x1b[K\xe2\x80\x99 [\x1b[01;35m\x1b[K\x1b]8;;https://gcc.gnu.org/onlinedocs/gcc/Warning-Options.html#index-Wpedantic\x07-Wpedantic\x1b]8;;\x07\x1b[m\x1b[K]\n'}
[6.381728] (sllidar_ros2) StderrLine: {'line': b'  324 |     sl_u8  payload[\x1b[01;35m\x1b[K0\x1b[m\x1b[K];\n'}
[6.381814] (sllidar_ros2) StderrLine: {'line': b'      |                    \x1b[01;35m\x1b[K^\x1b[m\x1b[K\n'}
[6.413083] (-) TimerEvent: {}
[6.514013] (-) TimerEvent: {}
[6.617149] (-) TimerEvent: {}
[6.718120] (-) TimerEvent: {}
[6.802847] (sllidar_ros2) StderrLine: {'line': b'In file included from \x1b[01m\x1b[K/home/nvidia/ros_rlr/src/sllidar_ros2/./sdk/include/rplidar_protocol.h:36\x1b[m\x1b[K,\n'}
[6.803737] (sllidar_ros2) StderrLine: {'line': b'                 from \x1b[01m\x1b[K/home/nvidia/ros_rlr/src/sllidar_ros2/./sdk/include/rplidar.h:39\x1b[m\x1b[K,\n'}
[6.804592] (sllidar_ros2) StderrLine: {'line': b'                 from \x1b[01m\x1b[K/home/nvidia/ros_rlr/src/sllidar_ros2/./sdk/src/sdkcommon.h:49\x1b[m\x1b[K,\n'}
[6.805149] (sllidar_ros2) StderrLine: {'line': b'                 from \x1b[01m\x1b[K/home/nvidia/ros_rlr/src/sllidar_ros2/sdk/src/dataunpacker/unpacker/../dataunnpacker_commondef.h:41\x1b[m\x1b[K,\n'}
[6.805670] (sllidar_ros2) StderrLine: {'line': b'                 from \x1b[01m\x1b[K/home/nvidia/ros_rlr/src/sllidar_ros2/sdk/src/dataunpacker/unpacker/handler_capsules.cpp:39\x1b[m\x1b[K:\n'}
[6.808765] (sllidar_ros2) StderrLine: {'line': b'\x1b[01m\x1b[K/home/nvidia/ros_rlr/src/sllidar_ros2/./sdk/include/sl_lidar_protocol.h:66:16:\x1b[m\x1b[K \x1b[01;35m\x1b[Kwarning: \x1b[m\x1b[KISO C++ forbids zero-size array \xe2\x80\x98\x1b[01m\x1b[Kdata\x1b[m\x1b[K\xe2\x80\x99 [\x1b[01;35m\x1b[K\x1b]8;;https://gcc.gnu.org/onlinedocs/gcc/Warning-Options.html#index-Wpedantic\x07-Wpedantic\x1b]8;;\x07\x1b[m\x1b[K]\n'}
[6.809337] (sllidar_ros2) StderrLine: {'line': b'   66 |     sl_u8 data[\x1b[01;35m\x1b[K0\x1b[m\x1b[K];\n'}
[6.809856] (sllidar_ros2) StderrLine: {'line': b'      |                \x1b[01;35m\x1b[K^\x1b[m\x1b[K\n'}
[6.810368] (sllidar_ros2) StderrLine: {'line': b'In file included from \x1b[01m\x1b[K/home/nvidia/ros_rlr/src/sllidar_ros2/./sdk/include/rplidar_cmd.h:36\x1b[m\x1b[K,\n'}
[6.810662] (sllidar_ros2) StderrLine: {'line': b'                 from \x1b[01m\x1b[K/home/nvidia/ros_rlr/src/sllidar_ros2/./sdk/include/rplidar.h:40\x1b[m\x1b[K,\n'}
[6.810758] (sllidar_ros2) StderrLine: {'line': b'                 from \x1b[01m\x1b[K/home/nvidia/ros_rlr/src/sllidar_ros2/./sdk/src/sdkcommon.h:49\x1b[m\x1b[K,\n'}
[6.810844] (sllidar_ros2) StderrLine: {'line': b'                 from \x1b[01m\x1b[K/home/nvidia/ros_rlr/src/sllidar_ros2/sdk/src/dataunpacker/unpacker/../dataunnpacker_commondef.h:41\x1b[m\x1b[K,\n'}
[6.810926] (sllidar_ros2) StderrLine: {'line': b'                 from \x1b[01m\x1b[K/home/nvidia/ros_rlr/src/sllidar_ros2/sdk/src/dataunpacker/unpacker/handler_capsules.cpp:39\x1b[m\x1b[K:\n'}
[6.811006] (sllidar_ros2) StderrLine: {'line': b'\x1b[01m\x1b[K/home/nvidia/ros_rlr/src/sllidar_ros2/./sdk/include/sl_lidar_cmd.h:324:20:\x1b[m\x1b[K \x1b[01;35m\x1b[Kwarning: \x1b[m\x1b[KISO C++ forbids zero-size array \xe2\x80\x98\x1b[01m\x1b[Kpayload\x1b[m\x1b[K\xe2\x80\x99 [\x1b[01;35m\x1b[K\x1b]8;;https://gcc.gnu.org/onlinedocs/gcc/Warning-Options.html#index-Wpedantic\x07-Wpedantic\x1b]8;;\x07\x1b[m\x1b[K]\n'}
[6.815627] (sllidar_ros2) StderrLine: {'line': b'  324 |     sl_u8  payload[\x1b[01;35m\x1b[K0\x1b[m\x1b[K];\n'}
[6.816271] (sllidar_ros2) StderrLine: {'line': b'      |                    \x1b[01;35m\x1b[K^\x1b[m\x1b[K\n'}
[6.822201] (-) TimerEvent: {}
[6.923181] (-) TimerEvent: {}
[6.958806] (sllidar_ros2) StderrLine: {'line': b'In file included from \x1b[01m\x1b[K/home/nvidia/ros_rlr/src/sllidar_ros2/sdk/src/dataunpacker/dataunpacker.cpp:40\x1b[m\x1b[K:\n'}
[6.959654] (sllidar_ros2) StderrLine: {'line': b'\x1b[01m\x1b[K/home/nvidia/ros_rlr/src/sllidar_ros2/sdk/src/dataunpacker/dataunpacker.h:\x1b[m\x1b[K In member function \xe2\x80\x98\x1b[01m\x1b[Kvirtual void sl::internal::LIDARSampleDataListener::onCustomSampleDataDecoded(_u8, _u32, const void*, size_t)\x1b[m\x1b[K\xe2\x80\x99:\n'}
[6.961185] (sllidar_ros2) StderrLine: {'line': b'\x1b[01m\x1b[K/home/nvidia/ros_rlr/src/sllidar_ros2/sdk/src/dataunpacker/dataunpacker.h:54:52:\x1b[m\x1b[K \x1b[01;35m\x1b[Kwarning: \x1b[m\x1b[Kunused parameter \xe2\x80\x98\x1b[01m\x1b[KansType\x1b[m\x1b[K\xe2\x80\x99 [\x1b[01;35m\x1b[K\x1b]8;;https://gcc.gnu.org/onlinedocs/gcc/Warning-Options.html#index-Wunused-parameter\x07-Wunused-parameter\x1b]8;;\x07\x1b[m\x1b[K]\n'}
[6.961791] (sllidar_ros2) StderrLine: {'line': b'   54 |         virtual void onCustomSampleDataDecoded(\x1b[01;35m\x1b[K_u8 ansType\x1b[m\x1b[K, _u32 customCode, const void* data, size_t size) {}\n'}
[6.962234] (sllidar_ros2) StderrLine: {'line': b'      |                                                \x1b[01;35m\x1b[K~~~~^~~~~~~\x1b[m\x1b[K\n'}
[6.962351] (sllidar_ros2) StderrLine: {'line': b'\x1b[01m\x1b[K/home/nvidia/ros_rlr/src/sllidar_ros2/sdk/src/dataunpacker/dataunpacker.h:54:66:\x1b[m\x1b[K \x1b[01;35m\x1b[Kwarning: \x1b[m\x1b[Kunused parameter \xe2\x80\x98\x1b[01m\x1b[KcustomCode\x1b[m\x1b[K\xe2\x80\x99 [\x1b[01;35m\x1b[K\x1b]8;;https://gcc.gnu.org/onlinedocs/gcc/Warning-Options.html#index-Wunused-parameter\x07-Wunused-parameter\x1b]8;;\x07\x1b[m\x1b[K]\n'}
[6.962475] (sllidar_ros2) StderrLine: {'line': b'   54 |         virtual void onCustomSampleDataDecoded(_u8 ansType, \x1b[01;35m\x1b[K_u32 customCode\x1b[m\x1b[K, const void* data, size_t size) {}\n'}
[6.962564] (sllidar_ros2) StderrLine: {'line': b'      |                                                             \x1b[01;35m\x1b[K~~~~~^~~~~~~~~~\x1b[m\x1b[K\n'}
[6.962648] (sllidar_ros2) StderrLine: {'line': b'\x1b[01m\x1b[K/home/nvidia/ros_rlr/src/sllidar_ros2/sdk/src/dataunpacker/dataunpacker.h:54:90:\x1b[m\x1b[K \x1b[01;35m\x1b[Kwarning: \x1b[m\x1b[Kunused parameter \xe2\x80\x98\x1b[01m\x1b[Kdata\x1b[m\x1b[K\xe2\x80\x99 [\x1b[01;35m\x1b[K\x1b]8;;https://gcc.gnu.org/onlinedocs/gcc/Warning-Options.html#index-Wunused-parameter\x07-Wunused-parameter\x1b]8;;\x07\x1b[m\x1b[K]\n'}
[6.962735] (sllidar_ros2) StderrLine: {'line': b'   54 |         virtual void onCustomSampleDataDecoded(_u8 ansType, _u32 customCode, \x1b[01;35m\x1b[Kconst void* data\x1b[m\x1b[K, size_t size) {}\n'}
[6.962818] (sllidar_ros2) StderrLine: {'line': b'      |                                                                              \x1b[01;35m\x1b[K~~~~~~~~~~~~^~~~\x1b[m\x1b[K\n'}
[6.967254] (sllidar_ros2) StderrLine: {'line': b'\x1b[01m\x1b[K/home/nvidia/ros_rlr/src/sllidar_ros2/sdk/src/dataunpacker/dataunpacker.h:54:103:\x1b[m\x1b[K \x1b[01;35m\x1b[Kwarning: \x1b[m\x1b[Kunused parameter \xe2\x80\x98\x1b[01m\x1b[Ksize\x1b[m\x1b[K\xe2\x80\x99 [\x1b[01;35m\x1b[K\x1b]8;;https://gcc.gnu.org/onlinedocs/gcc/Warning-Options.html#index-Wunused-parameter\x07-Wunused-parameter\x1b]8;;\x07\x1b[m\x1b[K]\n'}
[6.967380] (sllidar_ros2) StderrLine: {'line': b'   54 |         virtual void onCustomSampleDataDecoded(_u8 ansType, _u32 customCode, const void* data, \x1b[01;35m\x1b[Ksize_t size\x1b[m\x1b[K) {}\n'}
[6.967475] (sllidar_ros2) StderrLine: {'line': b'      |                                                                                                \x1b[01;35m\x1b[K~~~~~~~^~~~\x1b[m\x1b[K\n'}
[6.967561] (sllidar_ros2) StderrLine: {'line': b'\x1b[01m\x1b[K/home/nvidia/ros_rlr/src/sllidar_ros2/sdk/src/dataunpacker/dataunpacker.h:\x1b[m\x1b[K In member function \xe2\x80\x98\x1b[01m\x1b[Kvirtual void sl::internal::LIDARSampleDataListener::onDecodingError(int, _u8, const void*, size_t)\x1b[m\x1b[K\xe2\x80\x99:\n'}
[6.967660] (sllidar_ros2) StderrLine: {'line': b'\x1b[01m\x1b[K/home/nvidia/ros_rlr/src/sllidar_ros2/sdk/src/dataunpacker/dataunpacker.h:56:42:\x1b[m\x1b[K \x1b[01;35m\x1b[Kwarning: \x1b[m\x1b[Kunused parameter \xe2\x80\x98\x1b[01m\x1b[KerrMsg\x1b[m\x1b[K\xe2\x80\x99 [\x1b[01;35m\x1b[K\x1b]8;;https://gcc.gnu.org/onlinedocs/gcc/Warning-Options.html#index-Wunused-parameter\x07-Wunused-parameter\x1b]8;;\x07\x1b[m\x1b[K]\n'}
[6.967755] (sllidar_ros2) StderrLine: {'line': b'   56 |         virtual void onDecodingError(\x1b[01;35m\x1b[Kint errMsg\x1b[m\x1b[K, _u8 ansType, const void* payload, size_t size) {}\n'}
[6.967840] (sllidar_ros2) StderrLine: {'line': b'      |                                      \x1b[01;35m\x1b[K~~~~^~~~~~\x1b[m\x1b[K\n'}
[6.967925] (sllidar_ros2) StderrLine: {'line': b'\x1b[01m\x1b[K/home/nvidia/ros_rlr/src/sllidar_ros2/sdk/src/dataunpacker/dataunpacker.h:56:54:\x1b[m\x1b[K \x1b[01;35m\x1b[Kwarning: \x1b[m\x1b[Kunused parameter \xe2\x80\x98\x1b[01m\x1b[KansType\x1b[m\x1b[K\xe2\x80\x99 [\x1b[01;35m\x1b[K\x1b]8;;https://gcc.gnu.org/onlinedocs/gcc/Warning-Options.html#index-Wunused-parameter\x07-Wunused-parameter\x1b]8;;\x07\x1b[m\x1b[K]\n'}
[6.968010] (sllidar_ros2) StderrLine: {'line': b'   56 |         virtual void onDecodingError(int errMsg, \x1b[01;35m\x1b[K_u8 ansType\x1b[m\x1b[K, const void* payload, size_t size) {}\n'}
[6.975642] (sllidar_ros2) StderrLine: {'line': b'      |                                                  \x1b[01;35m\x1b[K~~~~^~~~~~~\x1b[m\x1b[K\n'}
[6.976247] (sllidar_ros2) StderrLine: {'line': b'\x1b[01m\x1b[K/home/nvidia/ros_rlr/src/sllidar_ros2/sdk/src/dataunpacker/dataunpacker.h:56:75:\x1b[m\x1b[K \x1b[01;35m\x1b[Kwarning: \x1b[m\x1b[Kunused parameter \xe2\x80\x98\x1b[01m\x1b[Kpayload\x1b[m\x1b[K\xe2\x80\x99 [\x1b[01;35m\x1b[K\x1b]8;;https://gcc.gnu.org/onlinedocs/gcc/Warning-Options.html#index-Wunused-parameter\x07-Wunused-parameter\x1b]8;;\x07\x1b[m\x1b[K]\n'}
[6.976869] (sllidar_ros2) StderrLine: {'line': b'   56 |         virtual void onDecodingError(int errMsg, _u8 ansType, \x1b[01;35m\x1b[Kconst void* payload\x1b[m\x1b[K, size_t size) {}\n'}
[6.977483] (sllidar_ros2) StderrLine: {'line': b'      |                                                               \x1b[01;35m\x1b[K~~~~~~~~~~~~^~~~~~~\x1b[m\x1b[K\n'}
[6.978097] (sllidar_ros2) StderrLine: {'line': b'\x1b[01m\x1b[K/home/nvidia/ros_rlr/src/sllidar_ros2/sdk/src/dataunpacker/dataunpacker.h:56:91:\x1b[m\x1b[K \x1b[01;35m\x1b[Kwarning: \x1b[m\x1b[Kunused parameter \xe2\x80\x98\x1b[01m\x1b[Ksize\x1b[m\x1b[K\xe2\x80\x99 [\x1b[01;35m\x1b[K\x1b]8;;https://gcc.gnu.org/onlinedocs/gcc/Warning-Options.html#index-Wunused-parameter\x07-Wunused-parameter\x1b]8;;\x07\x1b[m\x1b[K]\n'}
[6.978622] (sllidar_ros2) StderrLine: {'line': b'   56 |         virtual void onDecodingError(int errMsg, _u8 ansType, const void* payload, \x1b[01;35m\x1b[Ksize_t size\x1b[m\x1b[K) {}\n'}
[6.978745] (sllidar_ros2) StderrLine: {'line': b'      |                                                                                    \x1b[01;35m\x1b[K~~~~~~~^~~~\x1b[m\x1b[K\n'}
[7.027148] (-) TimerEvent: {}
[7.127725] (-) TimerEvent: {}
[7.228277] (-) TimerEvent: {}
[7.328820] (-) TimerEvent: {}
[7.416387] (sllidar_ros2) StderrLine: {'line': b'In file included from \x1b[01m\x1b[K/home/nvidia/ros_rlr/src/sllidar_ros2/sdk/src/dataunpacker/unpacker/handler_capsules.cpp:40\x1b[m\x1b[K:\n'}
[7.417161] (sllidar_ros2) StderrLine: {'line': b'\x1b[01m\x1b[K/home/nvidia/ros_rlr/src/sllidar_ros2/sdk/src/dataunpacker/unpacker/../dataunpacker.h:\x1b[m\x1b[K In member function \xe2\x80\x98\x1b[01m\x1b[Kvirtual void sl::internal::LIDARSampleDataListener::onCustomSampleDataDecoded(_u8, _u32, const void*, size_t)\x1b[m\x1b[K\xe2\x80\x99:\n'}
[7.417712] (sllidar_ros2) StderrLine: {'line': b'\x1b[01m\x1b[K/home/nvidia/ros_rlr/src/sllidar_ros2/sdk/src/dataunpacker/unpacker/../dataunpacker.h:54:52:\x1b[m\x1b[K \x1b[01;35m\x1b[Kwarning: \x1b[m\x1b[Kunused parameter \xe2\x80\x98\x1b[01m\x1b[KansType\x1b[m\x1b[K\xe2\x80\x99 [\x1b[01;35m\x1b[K\x1b]8;;https://gcc.gnu.org/onlinedocs/gcc/Warning-Options.html#index-Wunused-parameter\x07-Wunused-parameter\x1b]8;;\x07\x1b[m\x1b[K]\n'}
[7.417919] (sllidar_ros2) StderrLine: {'line': b'   54 |         virtual void onCustomSampleDataDecoded(\x1b[01;35m\x1b[K_u8 ansType\x1b[m\x1b[K, _u32 customCode, const void* data, size_t size) {}\n'}
[7.418018] (sllidar_ros2) StderrLine: {'line': b'      |                                                \x1b[01;35m\x1b[K~~~~^~~~~~~\x1b[m\x1b[K\n'}
[7.418131] (sllidar_ros2) StderrLine: {'line': b'\x1b[01m\x1b[K/home/nvidia/ros_rlr/src/sllidar_ros2/sdk/src/dataunpacker/unpacker/../dataunpacker.h:54:66:\x1b[m\x1b[K \x1b[01;35m\x1b[Kwarning: \x1b[m\x1b[Kunused parameter \xe2\x80\x98\x1b[01m\x1b[KcustomCode\x1b[m\x1b[K\xe2\x80\x99 [\x1b[01;35m\x1b[K\x1b]8;;https://gcc.gnu.org/onlinedocs/gcc/Warning-Options.html#index-Wunused-parameter\x07-Wunused-parameter\x1b]8;;\x07\x1b[m\x1b[K]\n'}
[7.418228] (sllidar_ros2) StderrLine: {'line': b'   54 |         virtual void onCustomSampleDataDecoded(_u8 ansType, \x1b[01;35m\x1b[K_u32 customCode\x1b[m\x1b[K, const void* data, size_t size) {}\n'}
[7.418331] (sllidar_ros2) StderrLine: {'line': b'      |                                                             \x1b[01;35m\x1b[K~~~~~^~~~~~~~~~\x1b[m\x1b[K\n'}
[7.418415] (sllidar_ros2) StderrLine: {'line': b'\x1b[01m\x1b[K/home/nvidia/ros_rlr/src/sllidar_ros2/sdk/src/dataunpacker/unpacker/../dataunpacker.h:54:90:\x1b[m\x1b[K \x1b[01;35m\x1b[Kwarning: \x1b[m\x1b[Kunused parameter \xe2\x80\x98\x1b[01m\x1b[Kdata\x1b[m\x1b[K\xe2\x80\x99 [\x1b[01;35m\x1b[K\x1b]8;;https://gcc.gnu.org/onlinedocs/gcc/Warning-Options.html#index-Wunused-parameter\x07-Wunused-parameter\x1b]8;;\x07\x1b[m\x1b[K]\n'}
[7.418511] (sllidar_ros2) StderrLine: {'line': b'   54 |         virtual void onCustomSampleDataDecoded(_u8 ansType, _u32 customCode, \x1b[01;35m\x1b[Kconst void* data\x1b[m\x1b[K, size_t size) {}\n'}
[7.418595] (sllidar_ros2) StderrLine: {'line': b'      |                                                                              \x1b[01;35m\x1b[K~~~~~~~~~~~~^~~~\x1b[m\x1b[K\n'}
[7.418685] (sllidar_ros2) StderrLine: {'line': b'\x1b[01m\x1b[K/home/nvidia/ros_rlr/src/sllidar_ros2/sdk/src/dataunpacker/unpacker/../dataunpacker.h:54:103:\x1b[m\x1b[K \x1b[01;35m\x1b[Kwarning: \x1b[m\x1b[Kunused parameter \xe2\x80\x98\x1b[01m\x1b[Ksize\x1b[m\x1b[K\xe2\x80\x99 [\x1b[01;35m\x1b[K\x1b]8;;https://gcc.gnu.org/onlinedocs/gcc/Warning-Options.html#index-Wunused-parameter\x07-Wunused-parameter\x1b]8;;\x07\x1b[m\x1b[K]\n'}
[7.418777] (sllidar_ros2) StderrLine: {'line': b'   54 |         virtual void onCustomSampleDataDecoded(_u8 ansType, _u32 customCode, const void* data, \x1b[01;35m\x1b[Ksize_t size\x1b[m\x1b[K) {}\n'}
[7.418859] (sllidar_ros2) StderrLine: {'line': b'      |                                                                                                \x1b[01;35m\x1b[K~~~~~~~^~~~\x1b[m\x1b[K\n'}
[7.418939] (sllidar_ros2) StderrLine: {'line': b'\x1b[01m\x1b[K/home/nvidia/ros_rlr/src/sllidar_ros2/sdk/src/dataunpacker/unpacker/../dataunpacker.h:\x1b[m\x1b[K In member function \xe2\x80\x98\x1b[01m\x1b[Kvirtual void sl::internal::LIDARSampleDataListener::onDecodingError(int, _u8, const void*, size_t)\x1b[m\x1b[K\xe2\x80\x99:\n'}
[7.419021] (sllidar_ros2) StderrLine: {'line': b'\x1b[01m\x1b[K/home/nvidia/ros_rlr/src/sllidar_ros2/sdk/src/dataunpacker/unpacker/../dataunpacker.h:56:42:\x1b[m\x1b[K \x1b[01;35m\x1b[Kwarning: \x1b[m\x1b[Kunused parameter \xe2\x80\x98\x1b[01m\x1b[KerrMsg\x1b[m\x1b[K\xe2\x80\x99 [\x1b[01;35m\x1b[K\x1b]8;;https://gcc.gnu.org/onlinedocs/gcc/Warning-Options.html#index-Wunused-parameter\x07-Wunused-parameter\x1b]8;;\x07\x1b[m\x1b[K]\n'}
[7.429141] (sllidar_ros2) StderrLine: {'line': b'   56 |         virtual void onDecodingError(\x1b[01;35m\x1b[Kint errMsg\x1b[m\x1b[K, _u8 ansType, const void* payload, size_t size) {}\n'}
[7.429840] (-) TimerEvent: {}
[7.430143] (sllidar_ros2) StderrLine: {'line': b'      |                                      \x1b[01;35m\x1b[K~~~~^~~~~~\x1b[m\x1b[K\n'}
[7.430710] (sllidar_ros2) StderrLine: {'line': b'\x1b[01m\x1b[K/home/nvidia/ros_rlr/src/sllidar_ros2/sdk/src/dataunpacker/unpacker/../dataunpacker.h:56:54:\x1b[m\x1b[K \x1b[01;35m\x1b[Kwarning: \x1b[m\x1b[Kunused parameter \xe2\x80\x98\x1b[01m\x1b[KansType\x1b[m\x1b[K\xe2\x80\x99 [\x1b[01;35m\x1b[K\x1b]8;;https://gcc.gnu.org/onlinedocs/gcc/Warning-Options.html#index-Wunused-parameter\x07-Wunused-parameter\x1b]8;;\x07\x1b[m\x1b[K]\n'}
[7.431260] (sllidar_ros2) StderrLine: {'line': b'   56 |         virtual void onDecodingError(int errMsg, \x1b[01;35m\x1b[K_u8 ansType\x1b[m\x1b[K, const void* payload, size_t size) {}\n'}
[7.431556] (sllidar_ros2) StderrLine: {'line': b'      |                                                  \x1b[01;35m\x1b[K~~~~^~~~~~~\x1b[m\x1b[K\n'}
[7.431651] (sllidar_ros2) StderrLine: {'line': b'\x1b[01m\x1b[K/home/nvidia/ros_rlr/src/sllidar_ros2/sdk/src/dataunpacker/unpacker/../dataunpacker.h:56:75:\x1b[m\x1b[K \x1b[01;35m\x1b[Kwarning: \x1b[m\x1b[Kunused parameter \xe2\x80\x98\x1b[01m\x1b[Kpayload\x1b[m\x1b[K\xe2\x80\x99 [\x1b[01;35m\x1b[K\x1b]8;;https://gcc.gnu.org/onlinedocs/gcc/Warning-Options.html#index-Wunused-parameter\x07-Wunused-parameter\x1b]8;;\x07\x1b[m\x1b[K]\n'}
[7.431749] (sllidar_ros2) StderrLine: {'line': b'   56 |         virtual void onDecodingError(int errMsg, _u8 ansType, \x1b[01;35m\x1b[Kconst void* payload\x1b[m\x1b[K, size_t size) {}\n'}
[7.431830] (sllidar_ros2) StderrLine: {'line': b'      |                                                               \x1b[01;35m\x1b[K~~~~~~~~~~~~^~~~~~~\x1b[m\x1b[K\n'}
[7.431910] (sllidar_ros2) StderrLine: {'line': b'\x1b[01m\x1b[K/home/nvidia/ros_rlr/src/sllidar_ros2/sdk/src/dataunpacker/unpacker/../dataunpacker.h:56:91:\x1b[m\x1b[K \x1b[01;35m\x1b[Kwarning: \x1b[m\x1b[Kunused parameter \xe2\x80\x98\x1b[01m\x1b[Ksize\x1b[m\x1b[K\xe2\x80\x99 [\x1b[01;35m\x1b[K\x1b]8;;https://gcc.gnu.org/onlinedocs/gcc/Warning-Options.html#index-Wunused-parameter\x07-Wunused-parameter\x1b]8;;\x07\x1b[m\x1b[K]\n'}
[7.432011] (sllidar_ros2) StderrLine: {'line': b'   56 |         virtual void onDecodingError(int errMsg, _u8 ansType, const void* payload, \x1b[01;35m\x1b[Ksize_t size\x1b[m\x1b[K) {}\n'}
[7.432115] (sllidar_ros2) StderrLine: {'line': b'      |                                                                                    \x1b[01;35m\x1b[K~~~~~~~^~~~\x1b[m\x1b[K\n'}
[7.463249] (sllidar_ros2) StderrLine: {'line': b'\x1b[01m\x1b[K/home/nvidia/ros_rlr/src/sllidar_ros2/sdk/src/dataunpacker/unpacker/handler_capsules.cpp:\x1b[m\x1b[K In member function \xe2\x80\x98\x1b[01m\x1b[Kvoid sl::internal::unpacker::UnpackerHandler_DenseCapsuleNode::_onScanNodeDenseCapsuleData(rplidar_response_dense_capsule_measurement_nodes_t&, sl::internal::LIDARSampleDataUnpackerInner*)\x1b[m\x1b[K\xe2\x80\x99:\n'}
[7.464169] (sllidar_ros2) StderrLine: {'line': b'\x1b[01m\x1b[K/home/nvidia/ros_rlr/src/sllidar_ros2/sdk/src/dataunpacker/unpacker/handler_capsules.cpp:763:30:\x1b[m\x1b[K \x1b[01;35m\x1b[Kwarning: \x1b[m\x1b[Ktype qualifiers ignored on cast result type [\x1b[01;35m\x1b[K\x1b]8;;https://gcc.gnu.org/onlinedocs/gcc/Warning-Options.html#index-Wignored-qualifiers\x07-Wignored-qualifiers\x1b]8;;\x07\x1b[m\x1b[K]\n'}
[7.465075] (sllidar_ros2) StderrLine: {'line': b'  763 |             const int dist = \x1b[01;35m\x1b[Kstatic_cast<const int>(_cached_previous_dense_capsuledata.cabins[pos].distance)\x1b[m\x1b[K;\n'}
[7.465679] (sllidar_ros2) StderrLine: {'line': b'      |                              \x1b[01;35m\x1b[K^~~~~~~~~~~~~~~~~~~~~~~~~~~~~~~~~~~~~~~~~~~~~~~~~~~~~~~~~~~~~~~~~~~~~~~~~~~~~~~\x1b[m\x1b[K\n'}
[7.529986] (-) TimerEvent: {}
[7.630980] (-) TimerEvent: {}
[7.704009] (sllidar_ros2) StdoutLine: {'line': b'[ 40%] \x1b[32mBuilding CXX object CMakeFiles/sllidar_node.dir/sdk/src/dataunpacker/unpacker/handler_hqnode.cpp.o\x1b[0m\n'}
[7.732148] (-) TimerEvent: {}
[7.833952] (-) TimerEvent: {}
[7.921836] (sllidar_ros2) StdoutLine: {'line': b'[ 45%] \x1b[32mBuilding CXX object CMakeFiles/sllidar_node.dir/sdk/src/dataunpacker/unpacker/handler_normalnode.cpp.o\x1b[0m\n'}
[7.935179] (-) TimerEvent: {}
[8.038135] (-) TimerEvent: {}
[8.138517] (-) TimerEvent: {}
[8.245137] (-) TimerEvent: {}
[8.347141] (-) TimerEvent: {}
[8.448007] (-) TimerEvent: {}
[8.552140] (-) TimerEvent: {}
[8.653461] (-) TimerEvent: {}
[8.754872] (-) TimerEvent: {}
[8.776595] (sllidar_ros2) StderrLine: {'line': b'In file included from \x1b[01m\x1b[K/home/nvidia/ros_rlr/src/sllidar_ros2/./sdk/include/rplidar_protocol.h:36\x1b[m\x1b[K,\n'}
[8.777424] (sllidar_ros2) StderrLine: {'line': b'                 from \x1b[01m\x1b[K/home/nvidia/ros_rlr/src/sllidar_ros2/./sdk/include/rplidar.h:39\x1b[m\x1b[K,\n'}
[8.778906] (sllidar_ros2) StderrLine: {'line': b'                 from \x1b[01m\x1b[K/home/nvidia/ros_rlr/src/sllidar_ros2/./sdk/src/sdkcommon.h:49\x1b[m\x1b[K,\n'}
[8.779498] (sllidar_ros2) StderrLine: {'line': b'                 from \x1b[01m\x1b[K/home/nvidia/ros_rlr/src/sllidar_ros2/sdk/src/dataunpacker/unpacker/../dataunnpacker_commondef.h:41\x1b[m\x1b[K,\n'}
[8.779616] (sllidar_ros2) StderrLine: {'line': b'                 from \x1b[01m\x1b[K/home/nvidia/ros_rlr/src/sllidar_ros2/sdk/src/dataunpacker/unpacker/handler_hqnode.cpp:39\x1b[m\x1b[K:\n'}
[8.779709] (sllidar_ros2) StderrLine: {'line': b'\x1b[01m\x1b[K/home/nvidia/ros_rlr/src/sllidar_ros2/./sdk/include/sl_lidar_protocol.h:66:16:\x1b[m\x1b[K \x1b[01;35m\x1b[Kwarning: \x1b[m\x1b[KISO C++ forbids zero-size array \xe2\x80\x98\x1b[01m\x1b[Kdata\x1b[m\x1b[K\xe2\x80\x99 [\x1b[01;35m\x1b[K\x1b]8;;https://gcc.gnu.org/onlinedocs/gcc/Warning-Options.html#index-Wpedantic\x07-Wpedantic\x1b]8;;\x07\x1b[m\x1b[K]\n'}
[8.779805] (sllidar_ros2) StderrLine: {'line': b'   66 |     sl_u8 data[\x1b[01;35m\x1b[K0\x1b[m\x1b[K];\n'}
[8.781189] (sllidar_ros2) StderrLine: {'line': b'      |                \x1b[01;35m\x1b[K^\x1b[m\x1b[K\n'}
[8.781381] (sllidar_ros2) StderrLine: {'line': b'In file included from \x1b[01m\x1b[K/home/nvidia/ros_rlr/src/sllidar_ros2/./sdk/include/rplidar_cmd.h:36\x1b[m\x1b[K,\n'}
[8.782101] (sllidar_ros2) StderrLine: {'line': b'                 from \x1b[01m\x1b[K/home/nvidia/ros_rlr/src/sllidar_ros2/./sdk/include/rplidar.h:40\x1b[m\x1b[K,\n'}
[8.782273] (sllidar_ros2) StderrLine: {'line': b'                 from \x1b[01m\x1b[K/home/nvidia/ros_rlr/src/sllidar_ros2/./sdk/src/sdkcommon.h:49\x1b[m\x1b[K,\n'}
[8.782371] (sllidar_ros2) StderrLine: {'line': b'                 from \x1b[01m\x1b[K/home/nvidia/ros_rlr/src/sllidar_ros2/sdk/src/dataunpacker/unpacker/../dataunnpacker_commondef.h:41\x1b[m\x1b[K,\n'}
[8.782464] (sllidar_ros2) StderrLine: {'line': b'                 from \x1b[01m\x1b[K/home/nvidia/ros_rlr/src/sllidar_ros2/sdk/src/dataunpacker/unpacker/handler_hqnode.cpp:39\x1b[m\x1b[K:\n'}
[8.782579] (sllidar_ros2) StderrLine: {'line': b'\x1b[01m\x1b[K/home/nvidia/ros_rlr/src/sllidar_ros2/./sdk/include/sl_lidar_cmd.h:324:20:\x1b[m\x1b[K \x1b[01;35m\x1b[Kwarning: \x1b[m\x1b[KISO C++ forbids zero-size array \xe2\x80\x98\x1b[01m\x1b[Kpayload\x1b[m\x1b[K\xe2\x80\x99 [\x1b[01;35m\x1b[K\x1b]8;;https://gcc.gnu.org/onlinedocs/gcc/Warning-Options.html#index-Wpedantic\x07-Wpedantic\x1b]8;;\x07\x1b[m\x1b[K]\n'}
[8.783794] (sllidar_ros2) StderrLine: {'line': b'  324 |     sl_u8  payload[\x1b[01;35m\x1b[K0\x1b[m\x1b[K];\n'}
[8.784029] (sllidar_ros2) StderrLine: {'line': b'      |                    \x1b[01;35m\x1b[K^\x1b[m\x1b[K\n'}
[8.855005] (-) TimerEvent: {}
[8.956140] (-) TimerEvent: {}
[9.057276] (-) TimerEvent: {}
[9.148032] (sllidar_ros2) StderrLine: {'line': b'In file included from \x1b[01m\x1b[K/home/nvidia/ros_rlr/src/sllidar_ros2/./sdk/include/rplidar_protocol.h:36\x1b[m\x1b[K,\n'}
[9.148583] (sllidar_ros2) StderrLine: {'line': b'                 from \x1b[01m\x1b[K/home/nvidia/ros_rlr/src/sllidar_ros2/./sdk/include/rplidar.h:39\x1b[m\x1b[K,\n'}
[9.148720] (sllidar_ros2) StderrLine: {'line': b'                 from \x1b[01m\x1b[K/home/nvidia/ros_rlr/src/sllidar_ros2/./sdk/src/sdkcommon.h:49\x1b[m\x1b[K,\n'}
[9.148830] (sllidar_ros2) StderrLine: {'line': b'                 from \x1b[01m\x1b[K/home/nvidia/ros_rlr/src/sllidar_ros2/sdk/src/dataunpacker/unpacker/../dataunnpacker_commondef.h:41\x1b[m\x1b[K,\n'}
[9.148927] (sllidar_ros2) StderrLine: {'line': b'                 from \x1b[01m\x1b[K/home/nvidia/ros_rlr/src/sllidar_ros2/sdk/src/dataunpacker/unpacker/handler_normalnode.cpp:39\x1b[m\x1b[K:\n'}
[9.149014] (sllidar_ros2) StderrLine: {'line': b'\x1b[01m\x1b[K/home/nvidia/ros_rlr/src/sllidar_ros2/./sdk/include/sl_lidar_protocol.h:66:16:\x1b[m\x1b[K \x1b[01;35m\x1b[Kwarning: \x1b[m\x1b[KISO C++ forbids zero-size array \xe2\x80\x98\x1b[01m\x1b[Kdata\x1b[m\x1b[K\xe2\x80\x99 [\x1b[01;35m\x1b[K\x1b]8;;https://gcc.gnu.org/onlinedocs/gcc/Warning-Options.html#index-Wpedantic\x07-Wpedantic\x1b]8;;\x07\x1b[m\x1b[K]\n'}
[9.149128] (sllidar_ros2) StderrLine: {'line': b'   66 |     sl_u8 data[\x1b[01;35m\x1b[K0\x1b[m\x1b[K];\n'}
[9.149215] (sllidar_ros2) StderrLine: {'line': b'      |                \x1b[01;35m\x1b[K^\x1b[m\x1b[K\n'}
[9.149297] (sllidar_ros2) StderrLine: {'line': b'In file included from \x1b[01m\x1b[K/home/nvidia/ros_rlr/src/sllidar_ros2/./sdk/include/rplidar_cmd.h:36\x1b[m\x1b[K,\n'}
[9.149393] (sllidar_ros2) StderrLine: {'line': b'                 from \x1b[01m\x1b[K/home/nvidia/ros_rlr/src/sllidar_ros2/./sdk/include/rplidar.h:40\x1b[m\x1b[K,\n'}
[9.149474] (sllidar_ros2) StderrLine: {'line': b'                 from \x1b[01m\x1b[K/home/nvidia/ros_rlr/src/sllidar_ros2/./sdk/src/sdkcommon.h:49\x1b[m\x1b[K,\n'}
[9.149554] (sllidar_ros2) StderrLine: {'line': b'                 from \x1b[01m\x1b[K/home/nvidia/ros_rlr/src/sllidar_ros2/sdk/src/dataunpacker/unpacker/../dataunnpacker_commondef.h:41\x1b[m\x1b[K,\n'}
[9.149632] (sllidar_ros2) StderrLine: {'line': b'                 from \x1b[01m\x1b[K/home/nvidia/ros_rlr/src/sllidar_ros2/sdk/src/dataunpacker/unpacker/handler_normalnode.cpp:39\x1b[m\x1b[K:\n'}
[9.149726] (sllidar_ros2) StderrLine: {'line': b'\x1b[01m\x1b[K/home/nvidia/ros_rlr/src/sllidar_ros2/./sdk/include/sl_lidar_cmd.h:324:20:\x1b[m\x1b[K \x1b[01;35m\x1b[Kwarning: \x1b[m\x1b[KISO C++ forbids zero-size array \xe2\x80\x98\x1b[01m\x1b[Kpayload\x1b[m\x1b[K\xe2\x80\x99 [\x1b[01;35m\x1b[K\x1b]8;;https://gcc.gnu.org/onlinedocs/gcc/Warning-Options.html#index-Wpedantic\x07-Wpedantic\x1b]8;;\x07\x1b[m\x1b[K]\n'}
[9.149820] (sllidar_ros2) StderrLine: {'line': b'  324 |     sl_u8  payload[\x1b[01;35m\x1b[K0\x1b[m\x1b[K];\n'}
[9.149909] (sllidar_ros2) StderrLine: {'line': b'      |                    \x1b[01;35m\x1b[K^\x1b[m\x1b[K\n'}
[9.160113] (-) TimerEvent: {}
[9.261050] (-) TimerEvent: {}
[9.363558] (-) TimerEvent: {}
[9.406350] (sllidar_ros2) StderrLine: {'line': b'In file included from \x1b[01m\x1b[K/home/nvidia/ros_rlr/src/sllidar_ros2/sdk/src/dataunpacker/unpacker/handler_hqnode.cpp:40\x1b[m\x1b[K:\n'}
[9.407188] (sllidar_ros2) StderrLine: {'line': b'\x1b[01m\x1b[K/home/nvidia/ros_rlr/src/sllidar_ros2/sdk/src/dataunpacker/unpacker/../dataunpacker.h:\x1b[m\x1b[K In member function \xe2\x80\x98\x1b[01m\x1b[Kvirtual void sl::internal::LIDARSampleDataListener::onCustomSampleDataDecoded(_u8, _u32, const void*, size_t)\x1b[m\x1b[K\xe2\x80\x99:\n'}
[9.407814] (sllidar_ros2) StderrLine: {'line': b'\x1b[01m\x1b[K/home/nvidia/ros_rlr/src/sllidar_ros2/sdk/src/dataunpacker/unpacker/../dataunpacker.h:54:52:\x1b[m\x1b[K \x1b[01;35m\x1b[Kwarning: \x1b[m\x1b[Kunused parameter \xe2\x80\x98\x1b[01m\x1b[KansType\x1b[m\x1b[K\xe2\x80\x99 [\x1b[01;35m\x1b[K\x1b]8;;https://gcc.gnu.org/onlinedocs/gcc/Warning-Options.html#index-Wunused-parameter\x07-Wunused-parameter\x1b]8;;\x07\x1b[m\x1b[K]\n'}
[9.407989] (sllidar_ros2) StderrLine: {'line': b'   54 |         virtual void onCustomSampleDataDecoded(\x1b[01;35m\x1b[K_u8 ansType\x1b[m\x1b[K, _u32 customCode, const void* data, size_t size) {}\n'}
[9.408133] (sllidar_ros2) StderrLine: {'line': b'      |                                                \x1b[01;35m\x1b[K~~~~^~~~~~~\x1b[m\x1b[K\n'}
[9.408247] (sllidar_ros2) StderrLine: {'line': b'\x1b[01m\x1b[K/home/nvidia/ros_rlr/src/sllidar_ros2/sdk/src/dataunpacker/unpacker/../dataunpacker.h:54:66:\x1b[m\x1b[K \x1b[01;35m\x1b[Kwarning: \x1b[m\x1b[Kunused parameter \xe2\x80\x98\x1b[01m\x1b[KcustomCode\x1b[m\x1b[K\xe2\x80\x99 [\x1b[01;35m\x1b[K\x1b]8;;https://gcc.gnu.org/onlinedocs/gcc/Warning-Options.html#index-Wunused-parameter\x07-Wunused-parameter\x1b]8;;\x07\x1b[m\x1b[K]\n'}
[9.408345] (sllidar_ros2) StderrLine: {'line': b'   54 |         virtual void onCustomSampleDataDecoded(_u8 ansType, \x1b[01;35m\x1b[K_u32 customCode\x1b[m\x1b[K, const void* data, size_t size) {}\n'}
[9.408444] (sllidar_ros2) StderrLine: {'line': b'      |                                                             \x1b[01;35m\x1b[K~~~~~^~~~~~~~~~\x1b[m\x1b[K\n'}
[9.408529] (sllidar_ros2) StderrLine: {'line': b'\x1b[01m\x1b[K/home/nvidia/ros_rlr/src/sllidar_ros2/sdk/src/dataunpacker/unpacker/../dataunpacker.h:54:90:\x1b[m\x1b[K \x1b[01;35m\x1b[Kwarning: \x1b[m\x1b[Kunused parameter \xe2\x80\x98\x1b[01m\x1b[Kdata\x1b[m\x1b[K\xe2\x80\x99 [\x1b[01;35m\x1b[K\x1b]8;;https://gcc.gnu.org/onlinedocs/gcc/Warning-Options.html#index-Wunused-parameter\x07-Wunused-parameter\x1b]8;;\x07\x1b[m\x1b[K]\n'}
[9.408628] (sllidar_ros2) StderrLine: {'line': b'   54 |         virtual void onCustomSampleDataDecoded(_u8 ansType, _u32 customCode, \x1b[01;35m\x1b[Kconst void* data\x1b[m\x1b[K, size_t size) {}\n'}
[9.408722] (sllidar_ros2) StderrLine: {'line': b'      |                                                                              \x1b[01;35m\x1b[K~~~~~~~~~~~~^~~~\x1b[m\x1b[K\n'}
[9.408813] (sllidar_ros2) StderrLine: {'line': b'\x1b[01m\x1b[K/home/nvidia/ros_rlr/src/sllidar_ros2/sdk/src/dataunpacker/unpacker/../dataunpacker.h:54:103:\x1b[m\x1b[K \x1b[01;35m\x1b[Kwarning: \x1b[m\x1b[Kunused parameter \xe2\x80\x98\x1b[01m\x1b[Ksize\x1b[m\x1b[K\xe2\x80\x99 [\x1b[01;35m\x1b[K\x1b]8;;https://gcc.gnu.org/onlinedocs/gcc/Warning-Options.html#index-Wunused-parameter\x07-Wunused-parameter\x1b]8;;\x07\x1b[m\x1b[K]\n'}
[9.408906] (sllidar_ros2) StderrLine: {'line': b'   54 |         virtual void onCustomSampleDataDecoded(_u8 ansType, _u32 customCode, const void* data, \x1b[01;35m\x1b[Ksize_t size\x1b[m\x1b[K) {}\n'}
[9.408988] (sllidar_ros2) StderrLine: {'line': b'      |                                                                                                \x1b[01;35m\x1b[K~~~~~~~^~~~\x1b[m\x1b[K\n'}
[9.409077] (sllidar_ros2) StderrLine: {'line': b'\x1b[01m\x1b[K/home/nvidia/ros_rlr/src/sllidar_ros2/sdk/src/dataunpacker/unpacker/../dataunpacker.h:\x1b[m\x1b[K In member function \xe2\x80\x98\x1b[01m\x1b[Kvirtual void sl::internal::LIDARSampleDataListener::onDecodingError(int, _u8, const void*, size_t)\x1b[m\x1b[K\xe2\x80\x99:\n'}
[9.409173] (sllidar_ros2) StderrLine: {'line': b'\x1b[01m\x1b[K/home/nvidia/ros_rlr/src/sllidar_ros2/sdk/src/dataunpacker/unpacker/../dataunpacker.h:56:42:\x1b[m\x1b[K \x1b[01;35m\x1b[Kwarning: \x1b[m\x1b[Kunused parameter \xe2\x80\x98\x1b[01m\x1b[KerrMsg\x1b[m\x1b[K\xe2\x80\x99 [\x1b[01;35m\x1b[K\x1b]8;;https://gcc.gnu.org/onlinedocs/gcc/Warning-Options.html#index-Wunused-parameter\x07-Wunused-parameter\x1b]8;;\x07\x1b[m\x1b[K]\n'}
[9.409261] (sllidar_ros2) StderrLine: {'line': b'   56 |         virtual void onDecodingError(\x1b[01;35m\x1b[Kint errMsg\x1b[m\x1b[K, _u8 ansType, const void* payload, size_t size) {}\n'}
[9.409339] (sllidar_ros2) StderrLine: {'line': b'      |                                      \x1b[01;35m\x1b[K~~~~^~~~~~\x1b[m\x1b[K\n'}
[9.409419] (sllidar_ros2) StderrLine: {'line': b'\x1b[01m\x1b[K/home/nvidia/ros_rlr/src/sllidar_ros2/sdk/src/dataunpacker/unpacker/../dataunpacker.h:56:54:\x1b[m\x1b[K \x1b[01;35m\x1b[Kwarning: \x1b[m\x1b[Kunused parameter \xe2\x80\x98\x1b[01m\x1b[KansType\x1b[m\x1b[K\xe2\x80\x99 [\x1b[01;35m\x1b[K\x1b]8;;https://gcc.gnu.org/onlinedocs/gcc/Warning-Options.html#index-Wunused-parameter\x07-Wunused-parameter\x1b]8;;\x07\x1b[m\x1b[K]\n'}
[9.409500] (sllidar_ros2) StderrLine: {'line': b'   56 |         virtual void onDecodingError(int errMsg, \x1b[01;35m\x1b[K_u8 ansType\x1b[m\x1b[K, const void* payload, size_t size) {}\n'}
[9.409580] (sllidar_ros2) StderrLine: {'line': b'      |                                                  \x1b[01;35m\x1b[K~~~~^~~~~~~\x1b[m\x1b[K\n'}
[9.409658] (sllidar_ros2) StderrLine: {'line': b'\x1b[01m\x1b[K/home/nvidia/ros_rlr/src/sllidar_ros2/sdk/src/dataunpacker/unpacker/../dataunpacker.h:56:75:\x1b[m\x1b[K \x1b[01;35m\x1b[Kwarning: \x1b[m\x1b[Kunused parameter \xe2\x80\x98\x1b[01m\x1b[Kpayload\x1b[m\x1b[K\xe2\x80\x99 [\x1b[01;35m\x1b[K\x1b]8;;https://gcc.gnu.org/onlinedocs/gcc/Warning-Options.html#index-Wunused-parameter\x07-Wunused-parameter\x1b]8;;\x07\x1b[m\x1b[K]\n'}
[9.409738] (sllidar_ros2) StderrLine: {'line': b'   56 |         virtual void onDecodingError(int errMsg, _u8 ansType, \x1b[01;35m\x1b[Kconst void* payload\x1b[m\x1b[K, size_t size) {}\n'}
[9.409815] (sllidar_ros2) StderrLine: {'line': b'      |                                                               \x1b[01;35m\x1b[K~~~~~~~~~~~~^~~~~~~\x1b[m\x1b[K\n'}
[9.409891] (sllidar_ros2) StderrLine: {'line': b'\x1b[01m\x1b[K/home/nvidia/ros_rlr/src/sllidar_ros2/sdk/src/dataunpacker/unpacker/../dataunpacker.h:56:91:\x1b[m\x1b[K \x1b[01;35m\x1b[Kwarning: \x1b[m\x1b[Kunused parameter \xe2\x80\x98\x1b[01m\x1b[Ksize\x1b[m\x1b[K\xe2\x80\x99 [\x1b[01;35m\x1b[K\x1b]8;;https://gcc.gnu.org/onlinedocs/gcc/Warning-Options.html#index-Wunused-parameter\x07-Wunused-parameter\x1b]8;;\x07\x1b[m\x1b[K]\n'}
[9.409978] (sllidar_ros2) StderrLine: {'line': b'   56 |         virtual void onDecodingError(int errMsg, _u8 ansType, const void* payload, \x1b[01;35m\x1b[Ksize_t size\x1b[m\x1b[K) {}\n'}
[9.420340] (sllidar_ros2) StderrLine: {'line': b'      |                                                                                    \x1b[01;35m\x1b[K~~~~~~~^~~~\x1b[m\x1b[K\n'}
[9.463682] (-) TimerEvent: {}
[9.491918] (sllidar_ros2) StderrLine: {'line': b'In file included from \x1b[01m\x1b[K/home/nvidia/ros_rlr/src/sllidar_ros2/sdk/src/dataunpacker/unpacker/handler_normalnode.cpp:40\x1b[m\x1b[K:\n'}
[9.492693] (sllidar_ros2) StderrLine: {'line': b'\x1b[01m\x1b[K/home/nvidia/ros_rlr/src/sllidar_ros2/sdk/src/dataunpacker/unpacker/../dataunpacker.h:\x1b[m\x1b[K In member function \xe2\x80\x98\x1b[01m\x1b[Kvirtual void sl::internal::LIDARSampleDataListener::onCustomSampleDataDecoded(_u8, _u32, const void*, size_t)\x1b[m\x1b[K\xe2\x80\x99:\n'}
[9.493284] (sllidar_ros2) StderrLine: {'line': b'\x1b[01m\x1b[K/home/nvidia/ros_rlr/src/sllidar_ros2/sdk/src/dataunpacker/unpacker/../dataunpacker.h:54:52:\x1b[m\x1b[K \x1b[01;35m\x1b[Kwarning: \x1b[m\x1b[Kunused parameter \xe2\x80\x98\x1b[01m\x1b[KansType\x1b[m\x1b[K\xe2\x80\x99 [\x1b[01;35m\x1b[K\x1b]8;;https://gcc.gnu.org/onlinedocs/gcc/Warning-Options.html#index-Wunused-parameter\x07-Wunused-parameter\x1b]8;;\x07\x1b[m\x1b[K]\n'}
[9.493830] (sllidar_ros2) StderrLine: {'line': b'   54 |         virtual void onCustomSampleDataDecoded(\x1b[01;35m\x1b[K_u8 ansType\x1b[m\x1b[K, _u32 customCode, const void* data, size_t size) {}\n'}
[9.494276] (sllidar_ros2) StderrLine: {'line': b'      |                                                \x1b[01;35m\x1b[K~~~~^~~~~~~\x1b[m\x1b[K\n'}
[9.494400] (sllidar_ros2) StderrLine: {'line': b'\x1b[01m\x1b[K/home/nvidia/ros_rlr/src/sllidar_ros2/sdk/src/dataunpacker/unpacker/../dataunpacker.h:54:66:\x1b[m\x1b[K \x1b[01;35m\x1b[Kwarning: \x1b[m\x1b[Kunused parameter \xe2\x80\x98\x1b[01m\x1b[KcustomCode\x1b[m\x1b[K\xe2\x80\x99 [\x1b[01;35m\x1b[K\x1b]8;;https://gcc.gnu.org/onlinedocs/gcc/Warning-Options.html#index-Wunused-parameter\x07-Wunused-parameter\x1b]8;;\x07\x1b[m\x1b[K]\n'}
[9.494499] (sllidar_ros2) StderrLine: {'line': b'   54 |         virtual void onCustomSampleDataDecoded(_u8 ansType, \x1b[01;35m\x1b[K_u32 customCode\x1b[m\x1b[K, const void* data, size_t size) {}\n'}
[9.494584] (sllidar_ros2) StderrLine: {'line': b'      |                                                             \x1b[01;35m\x1b[K~~~~~^~~~~~~~~~\x1b[m\x1b[K\n'}
[9.494664] (sllidar_ros2) StderrLine: {'line': b'\x1b[01m\x1b[K/home/nvidia/ros_rlr/src/sllidar_ros2/sdk/src/dataunpacker/unpacker/../dataunpacker.h:54:90:\x1b[m\x1b[K \x1b[01;35m\x1b[Kwarning: \x1b[m\x1b[Kunused parameter \xe2\x80\x98\x1b[01m\x1b[Kdata\x1b[m\x1b[K\xe2\x80\x99 [\x1b[01;35m\x1b[K\x1b]8;;https://gcc.gnu.org/onlinedocs/gcc/Warning-Options.html#index-Wunused-parameter\x07-Wunused-parameter\x1b]8;;\x07\x1b[m\x1b[K]\n'}
[9.494747] (sllidar_ros2) StderrLine: {'line': b'   54 |         virtual void onCustomSampleDataDecoded(_u8 ansType, _u32 customCode, \x1b[01;35m\x1b[Kconst void* data\x1b[m\x1b[K, size_t size) {}\n'}
[9.494826] (sllidar_ros2) StderrLine: {'line': b'      |                                                                              \x1b[01;35m\x1b[K~~~~~~~~~~~~^~~~\x1b[m\x1b[K\n'}
[9.494915] (sllidar_ros2) StderrLine: {'line': b'\x1b[01m\x1b[K/home/nvidia/ros_rlr/src/sllidar_ros2/sdk/src/dataunpacker/unpacker/../dataunpacker.h:54:103:\x1b[m\x1b[K \x1b[01;35m\x1b[Kwarning: \x1b[m\x1b[Kunused parameter \xe2\x80\x98\x1b[01m\x1b[Ksize\x1b[m\x1b[K\xe2\x80\x99 [\x1b[01;35m\x1b[K\x1b]8;;https://gcc.gnu.org/onlinedocs/gcc/Warning-Options.html#index-Wunused-parameter\x07-Wunused-parameter\x1b]8;;\x07\x1b[m\x1b[K]\n'}
[9.494996] (sllidar_ros2) StderrLine: {'line': b'   54 |         virtual void onCustomSampleDataDecoded(_u8 ansType, _u32 customCode, const void* data, \x1b[01;35m\x1b[Ksize_t size\x1b[m\x1b[K) {}\n'}
[9.495091] (sllidar_ros2) StderrLine: {'line': b'      |                                                                                                \x1b[01;35m\x1b[K~~~~~~~^~~~\x1b[m\x1b[K\n'}
[9.495178] (sllidar_ros2) StderrLine: {'line': b'\x1b[01m\x1b[K/home/nvidia/ros_rlr/src/sllidar_ros2/sdk/src/dataunpacker/unpacker/../dataunpacker.h:\x1b[m\x1b[K In member function \xe2\x80\x98\x1b[01m\x1b[Kvirtual void sl::internal::LIDARSampleDataListener::onDecodingError(int, _u8, const void*, size_t)\x1b[m\x1b[K\xe2\x80\x99:\n'}
[9.499161] (sllidar_ros2) StderrLine: {'line': b'\x1b[01m\x1b[K/home/nvidia/ros_rlr/src/sllidar_ros2/sdk/src/dataunpacker/unpacker/../dataunpacker.h:56:42:\x1b[m\x1b[K \x1b[01;35m\x1b[Kwarning: \x1b[m\x1b[Kunused parameter \xe2\x80\x98\x1b[01m\x1b[KerrMsg\x1b[m\x1b[K\xe2\x80\x99 [\x1b[01;35m\x1b[K\x1b]8;;https://gcc.gnu.org/onlinedocs/gcc/Warning-Options.html#index-Wunused-parameter\x07-Wunused-parameter\x1b]8;;\x07\x1b[m\x1b[K]\n'}
[9.499381] (sllidar_ros2) StderrLine: {'line': b'   56 |         virtual void onDecodingError(\x1b[01;35m\x1b[Kint errMsg\x1b[m\x1b[K, _u8 ansType, const void* payload, size_t size) {}\n'}
[9.499483] (sllidar_ros2) StderrLine: {'line': b'      |                                      \x1b[01;35m\x1b[K~~~~^~~~~~\x1b[m\x1b[K\n'}
[9.499572] (sllidar_ros2) StderrLine: {'line': b'\x1b[01m\x1b[K/home/nvidia/ros_rlr/src/sllidar_ros2/sdk/src/dataunpacker/unpacker/../dataunpacker.h:56:54:\x1b[m\x1b[K \x1b[01;35m\x1b[Kwarning: \x1b[m\x1b[Kunused parameter \xe2\x80\x98\x1b[01m\x1b[KansType\x1b[m\x1b[K\xe2\x80\x99 [\x1b[01;35m\x1b[K\x1b]8;;https://gcc.gnu.org/onlinedocs/gcc/Warning-Options.html#index-Wunused-parameter\x07-Wunused-parameter\x1b]8;;\x07\x1b[m\x1b[K]\n'}
[9.499659] (sllidar_ros2) StderrLine: {'line': b'   56 |         virtual void onDecodingError(int errMsg, \x1b[01;35m\x1b[K_u8 ansType\x1b[m\x1b[K, const void* payload, size_t size) {}\n'}
[9.499741] (sllidar_ros2) StderrLine: {'line': b'      |                                                  \x1b[01;35m\x1b[K~~~~^~~~~~~\x1b[m\x1b[K\n'}
[9.504011] (sllidar_ros2) StderrLine: {'line': b'\x1b[01m\x1b[K/home/nvidia/ros_rlr/src/sllidar_ros2/sdk/src/dataunpacker/unpacker/../dataunpacker.h:56:75:\x1b[m\x1b[K \x1b[01;35m\x1b[Kwarning: \x1b[m\x1b[Kunused parameter \xe2\x80\x98\x1b[01m\x1b[Kpayload\x1b[m\x1b[K\xe2\x80\x99 [\x1b[01;35m\x1b[K\x1b]8;;https://gcc.gnu.org/onlinedocs/gcc/Warning-Options.html#index-Wunused-parameter\x07-Wunused-parameter\x1b]8;;\x07\x1b[m\x1b[K]\n'}
[9.504174] (sllidar_ros2) StderrLine: {'line': b'   56 |         virtual void onDecodingError(int errMsg, _u8 ansType, \x1b[01;35m\x1b[Kconst void* payload\x1b[m\x1b[K, size_t size) {}\n'}
[9.504263] (sllidar_ros2) StderrLine: {'line': b'      |                                                               \x1b[01;35m\x1b[K~~~~~~~~~~~~^~~~~~~\x1b[m\x1b[K\n'}
[9.504341] (sllidar_ros2) StderrLine: {'line': b'\x1b[01m\x1b[K/home/nvidia/ros_rlr/src/sllidar_ros2/sdk/src/dataunpacker/unpacker/../dataunpacker.h:56:91:\x1b[m\x1b[K \x1b[01;35m\x1b[Kwarning: \x1b[m\x1b[Kunused parameter \xe2\x80\x98\x1b[01m\x1b[Ksize\x1b[m\x1b[K\xe2\x80\x99 [\x1b[01;35m\x1b[K\x1b]8;;https://gcc.gnu.org/onlinedocs/gcc/Warning-Options.html#index-Wunused-parameter\x07-Wunused-parameter\x1b]8;;\x07\x1b[m\x1b[K]\n'}
[9.504419] (sllidar_ros2) StderrLine: {'line': b'   56 |         virtual void onDecodingError(int errMsg, _u8 ansType, const void* payload, \x1b[01;35m\x1b[Ksize_t size\x1b[m\x1b[K) {}\n'}
[9.504495] (sllidar_ros2) StderrLine: {'line': b'      |                                                                                    \x1b[01;35m\x1b[K~~~~~~~^~~~\x1b[m\x1b[K\n'}
[9.563801] (-) TimerEvent: {}
[9.665559] (-) TimerEvent: {}
[9.767911] (-) TimerEvent: {}
[9.777712] (sllidar_ros2) StdoutLine: {'line': b'[ 50%] \x1b[32mBuilding CXX object CMakeFiles/sllidar_node.dir/sdk/src/hal/thread.cpp.o\x1b[0m\n'}
[9.812340] (sllidar_ros2) StdoutLine: {'line': b'[ 55%] \x1b[32mBuilding CXX object CMakeFiles/sllidar_node.dir/sdk/src/rplidar_driver.cpp.o\x1b[0m\n'}
[9.868036] (-) TimerEvent: {}
[9.973337] (-) TimerEvent: {}
[10.073850] (-) TimerEvent: {}
[10.176146] (-) TimerEvent: {}
[10.276835] (-) TimerEvent: {}
[10.333604] (rplidar_ros) StderrLine: {'line': b'In file included from \x1b[01m\x1b[K/home/nvidia/ros_rlr/src/rplidar_ros2/./sdk/include/rplidar.h:39\x1b[m\x1b[K,\n'}
[10.334506] (rplidar_ros) StderrLine: {'line': b'                 from \x1b[01m\x1b[K/home/nvidia/ros_rlr/src/rplidar_ros2/include/rplidar_node.hpp:41\x1b[m\x1b[K,\n'}
[10.335167] (rplidar_ros) StderrLine: {'line': b'                 from \x1b[01m\x1b[K/home/nvidia/ros_rlr/src/rplidar_ros2/src/rplidar_node.cpp:36\x1b[m\x1b[K:\n'}
[10.335795] (rplidar_ros) StderrLine: {'line': b'\x1b[01m\x1b[K/home/nvidia/ros_rlr/src/rplidar_ros2/./sdk/include/rplidar_protocol.h:59:14:\x1b[m\x1b[K \x1b[01;35m\x1b[Kwarning: \x1b[m\x1b[KISO C++ forbids zero-size array \xe2\x80\x98\x1b[01m\x1b[Kdata\x1b[m\x1b[K\xe2\x80\x99 [\x1b[01;35m\x1b[K\x1b]8;;https://gcc.gnu.org/onlinedocs/gcc/Warning-Options.html#index-Wpedantic\x07-Wpedantic\x1b]8;;\x07\x1b[m\x1b[K]\n'}
[10.336027] (rplidar_ros) StderrLine: {'line': b'   59 |     _u8 data[\x1b[01;35m\x1b[K0\x1b[m\x1b[K];\n'}
[10.336600] (rplidar_ros) StderrLine: {'line': b'      |              \x1b[01;35m\x1b[K^\x1b[m\x1b[K\n'}
[10.339131] (rplidar_ros) StderrLine: {'line': b'In file included from \x1b[01m\x1b[K/home/nvidia/ros_rlr/src/rplidar_ros2/./sdk/include/rplidar.h:40\x1b[m\x1b[K,\n'}
[10.339827] (rplidar_ros) StderrLine: {'line': b'                 from \x1b[01m\x1b[K/home/nvidia/ros_rlr/src/rplidar_ros2/include/rplidar_node.hpp:41\x1b[m\x1b[K,\n'}
[10.340050] (rplidar_ros) StderrLine: {'line': b'                 from \x1b[01m\x1b[K/home/nvidia/ros_rlr/src/rplidar_ros2/src/rplidar_node.cpp:36\x1b[m\x1b[K:\n'}
[10.341843] (rplidar_ros) StderrLine: {'line': b'\x1b[01m\x1b[K/home/nvidia/ros_rlr/src/rplidar_ros2/./sdk/include/rplidar_cmd.h:260:18:\x1b[m\x1b[K \x1b[01;35m\x1b[Kwarning: \x1b[m\x1b[KISO C++ forbids zero-size array \xe2\x80\x98\x1b[01m\x1b[Kpayload\x1b[m\x1b[K\xe2\x80\x99 [\x1b[01;35m\x1b[K\x1b]8;;https://gcc.gnu.org/onlinedocs/gcc/Warning-Options.html#index-Wpedantic\x07-Wpedantic\x1b]8;;\x07\x1b[m\x1b[K]\n'}
[10.342507] (rplidar_ros) StderrLine: {'line': b'  260 |     _u8  payload[\x1b[01;35m\x1b[K0\x1b[m\x1b[K];\n'}
[10.342626] (rplidar_ros) StderrLine: {'line': b'      |                  \x1b[01;35m\x1b[K^\x1b[m\x1b[K\n'}
[10.377445] (-) TimerEvent: {}
[10.480181] (-) TimerEvent: {}
[10.501463] (rplidar_ros) StderrLine: {'line': b'\x1b[01m\x1b[K/home/nvidia/ros_rlr/src/rplidar_ros2/src/rplidar_node.cpp:\x1b[m\x1b[K In member function \xe2\x80\x98\x1b[01m\x1b[Kvoid rplidar_ros::rplidar_node::stop_motor({anonymous}::EmptyRequest, {anonymous}::EmptyResponse)\x1b[m\x1b[K\xe2\x80\x99:\n'}
[10.508190] (rplidar_ros) StderrLine: {'line': b'\x1b[01m\x1b[K/home/nvidia/ros_rlr/src/rplidar_ros2/src/rplidar_node.cpp:248:50:\x1b[m\x1b[K \x1b[01;35m\x1b[Kwarning: \x1b[m\x1b[Kunused parameter \xe2\x80\x98\x1b[01m\x1b[Kreq\x1b[m\x1b[K\xe2\x80\x99 [\x1b[01;35m\x1b[K\x1b]8;;https://gcc.gnu.org/onlinedocs/gcc/Warning-Options.html#index-Wunused-parameter\x07-Wunused-parameter\x1b]8;;\x07\x1b[m\x1b[K]\n'}
[10.508613] (rplidar_ros) StderrLine: {'line': b'  248 | void rplidar_node::stop_motor(\x1b[01;35m\x1b[Kconst EmptyRequest req\x1b[m\x1b[K, EmptyResponse res)\n'}
[10.508726] (sllidar_ros2) StderrLine: {'line': b'In file included from \x1b[01m\x1b[K/home/nvidia/ros_rlr/src/sllidar_ros2/./sdk/include/sl_lidar_cmd.h:41\x1b[m\x1b[K,\n'}
[10.508838] (sllidar_ros2) StderrLine: {'line': b'                 from \x1b[01m\x1b[K/home/nvidia/ros_rlr/src/sllidar_ros2/./sdk/include/sl_lidar_driver.h:54\x1b[m\x1b[K,\n'}
[10.508928] (sllidar_ros2) StderrLine: {'line': b'                 from \x1b[01m\x1b[K/home/nvidia/ros_rlr/src/sllidar_ros2/./sdk/include/sl_lidar.h:36\x1b[m\x1b[K,\n'}
[10.509013] (sllidar_ros2) StderrLine: {'line': b'                 from \x1b[01m\x1b[K/home/nvidia/ros_rlr/src/sllidar_ros2/src/sllidar_node.cpp:38\x1b[m\x1b[K:\n'}
[10.509119] (sllidar_ros2) StderrLine: {'line': b'\x1b[01m\x1b[K/home/nvidia/ros_rlr/src/sllidar_ros2/./sdk/include/sl_lidar_protocol.h:66:16:\x1b[m\x1b[K \x1b[01;35m\x1b[Kwarning: \x1b[m\x1b[KISO C++ forbids zero-size array \xe2\x80\x98\x1b[01m\x1b[Kdata\x1b[m\x1b[K\xe2\x80\x99 [\x1b[01;35m\x1b[K\x1b]8;;https://gcc.gnu.org/onlinedocs/gcc/Warning-Options.html#index-Wpedantic\x07-Wpedantic\x1b]8;;\x07\x1b[m\x1b[K]\n'}
[10.509233] (sllidar_ros2) StderrLine: {'line': b'   66 |     sl_u8 data[\x1b[01;35m\x1b[K0\x1b[m\x1b[K];\n'}
[10.509321] (sllidar_ros2) StderrLine: {'line': b'      |                \x1b[01;35m\x1b[K^\x1b[m\x1b[K\n'}
[10.509412] (sllidar_ros2) StderrLine: {'line': b'In file included from \x1b[01m\x1b[K/home/nvidia/ros_rlr/src/sllidar_ros2/./sdk/include/sl_lidar_driver.h:54\x1b[m\x1b[K,\n'}
[10.509496] (sllidar_ros2) StderrLine: {'line': b'                 from \x1b[01m\x1b[K/home/nvidia/ros_rlr/src/sllidar_ros2/./sdk/include/sl_lidar.h:36\x1b[m\x1b[K,\n'}
[10.509578] (sllidar_ros2) StderrLine: {'line': b'                 from \x1b[01m\x1b[K/home/nvidia/ros_rlr/src/sllidar_ros2/src/sllidar_node.cpp:38\x1b[m\x1b[K:\n'}
[10.509663] (sllidar_ros2) StderrLine: {'line': b'\x1b[01m\x1b[K/home/nvidia/ros_rlr/src/sllidar_ros2/./sdk/include/sl_lidar_cmd.h:324:20:\x1b[m\x1b[K \x1b[01;35m\x1b[Kwarning: \x1b[m\x1b[KISO C++ forbids zero-size array \xe2\x80\x98\x1b[01m\x1b[Kpayload\x1b[m\x1b[K\xe2\x80\x99 [\x1b[01;35m\x1b[K\x1b]8;;https://gcc.gnu.org/onlinedocs/gcc/Warning-Options.html#index-Wpedantic\x07-Wpedantic\x1b]8;;\x07\x1b[m\x1b[K]\n'}
[10.509755] (sllidar_ros2) StderrLine: {'line': b'  324 |     sl_u8  payload[\x1b[01;35m\x1b[K0\x1b[m\x1b[K];\n'}
[10.509839] (sllidar_ros2) StderrLine: {'line': b'      |                    \x1b[01;35m\x1b[K^\x1b[m\x1b[K\n'}
[10.509918] (rplidar_ros) StderrLine: {'line': b'      |                               \x1b[01;35m\x1b[K~~~~~~~~~~~~~~~~~~~^~~\x1b[m\x1b[K\n'}
[10.510013] (rplidar_ros) StderrLine: {'line': b'\x1b[01m\x1b[K/home/nvidia/ros_rlr/src/rplidar_ros2/src/rplidar_node.cpp:248:69:\x1b[m\x1b[K \x1b[01;35m\x1b[Kwarning: \x1b[m\x1b[Kunused parameter \xe2\x80\x98\x1b[01m\x1b[Kres\x1b[m\x1b[K\xe2\x80\x99 [\x1b[01;35m\x1b[K\x1b]8;;https://gcc.gnu.org/onlinedocs/gcc/Warning-Options.html#index-Wunused-parameter\x07-Wunused-parameter\x1b]8;;\x07\x1b[m\x1b[K]\n'}
[10.510125] (rplidar_ros) StderrLine: {'line': b'  248 | void rplidar_node::stop_motor(const EmptyRequest req, \x1b[01;35m\x1b[KEmptyResponse res\x1b[m\x1b[K)\n'}
[10.510211] (rplidar_ros) StderrLine: {'line': b'      |                                                       \x1b[01;35m\x1b[K~~~~~~~~~~~~~~^~~\x1b[m\x1b[K\n'}
[10.518291] (rplidar_ros) StderrLine: {'line': b'\x1b[01m\x1b[K/home/nvidia/ros_rlr/src/rplidar_ros2/src/rplidar_node.cpp:\x1b[m\x1b[K In member function \xe2\x80\x98\x1b[01m\x1b[Kvoid rplidar_ros::rplidar_node::start_motor({anonymous}::EmptyRequest, {anonymous}::EmptyResponse)\x1b[m\x1b[K\xe2\x80\x99:\n'}
[10.518559] (rplidar_ros) StderrLine: {'line': b'\x1b[01m\x1b[K/home/nvidia/ros_rlr/src/rplidar_ros2/src/rplidar_node.cpp:259:51:\x1b[m\x1b[K \x1b[01;35m\x1b[Kwarning: \x1b[m\x1b[Kunused parameter \xe2\x80\x98\x1b[01m\x1b[Kreq\x1b[m\x1b[K\xe2\x80\x99 [\x1b[01;35m\x1b[K\x1b]8;;https://gcc.gnu.org/onlinedocs/gcc/Warning-Options.html#index-Wunused-parameter\x07-Wunused-parameter\x1b]8;;\x07\x1b[m\x1b[K]\n'}
[10.518701] (rplidar_ros) StderrLine: {'line': b'  259 | void rplidar_node::start_motor(\x1b[01;35m\x1b[Kconst EmptyRequest req\x1b[m\x1b[K, EmptyResponse res)\n'}
[10.518801] (rplidar_ros) StderrLine: {'line': b'      |                                \x1b[01;35m\x1b[K~~~~~~~~~~~~~~~~~~~^~~\x1b[m\x1b[K\n'}
[10.518898] (rplidar_ros) StderrLine: {'line': b'\x1b[01m\x1b[K/home/nvidia/ros_rlr/src/rplidar_ros2/src/rplidar_node.cpp:259:70:\x1b[m\x1b[K \x1b[01;35m\x1b[Kwarning: \x1b[m\x1b[Kunused parameter \xe2\x80\x98\x1b[01m\x1b[Kres\x1b[m\x1b[K\xe2\x80\x99 [\x1b[01;35m\x1b[K\x1b]8;;https://gcc.gnu.org/onlinedocs/gcc/Warning-Options.html#index-Wunused-parameter\x07-Wunused-parameter\x1b]8;;\x07\x1b[m\x1b[K]\n'}
[10.518990] (rplidar_ros) StderrLine: {'line': b'  259 | void rplidar_node::start_motor(const EmptyRequest req, \x1b[01;35m\x1b[KEmptyResponse res\x1b[m\x1b[K)\n'}
[10.519096] (rplidar_ros) StderrLine: {'line': b'      |                                                        \x1b[01;35m\x1b[K~~~~~~~~~~~~~~^~~\x1b[m\x1b[K\n'}
[10.532912] (rplidar_ros) StderrLine: {'line': b'\x1b[01m\x1b[K/home/nvidia/ros_rlr/src/rplidar_ros2/src/rplidar_node.cpp:\x1b[m\x1b[K In member function \xe2\x80\x98\x1b[01m\x1b[Kvoid rplidar_ros::rplidar_node::publish_loop()\x1b[m\x1b[K\xe2\x80\x99:\n'}
[10.533875] (rplidar_ros) StderrLine: {'line': b'\x1b[01m\x1b[K/home/nvidia/ros_rlr/src/rplidar_ros2/src/rplidar_node.cpp:362:25:\x1b[m\x1b[K \x1b[01;35m\x1b[Kwarning: \x1b[m\x1b[Kcomparison of integer expressions of different signedness: \xe2\x80\x98\x1b[01m\x1b[Ksize_t\x1b[m\x1b[K\xe2\x80\x99 {aka \xe2\x80\x98\x1b[01m\x1b[Klong unsigned int\x1b[m\x1b[K\xe2\x80\x99} and \xe2\x80\x98\x1b[01m\x1b[Kint\x1b[m\x1b[K\xe2\x80\x99 [\x1b[01;35m\x1b[K\x1b]8;;https://gcc.gnu.org/onlinedocs/gcc/Warning-Options.html#index-Wsign-compare\x07-Wsign-compare\x1b]8;;\x07\x1b[m\x1b[K]\n'}
[10.534638] (rplidar_ros) StderrLine: {'line': b'  362 |           for (j = 0; \x1b[01;35m\x1b[Kj < m_angle_compensate_multiple\x1b[m\x1b[K; j++) {\n'}
[10.536115] (rplidar_ros) StderrLine: {'line': b'      |                       \x1b[01;35m\x1b[K~~^~~~~~~~~~~~~~~~~~~~~~~~~~~~~\x1b[m\x1b[K\n'}
[10.537796] (rplidar_ros) StderrLine: {'line': b'\x1b[01m\x1b[K/home/nvidia/ros_rlr/src/rplidar_ros2/src/rplidar_node.cpp:383:44:\x1b[m\x1b[K \x1b[01;35m\x1b[Kwarning: \x1b[m\x1b[Kcomparison of integer expressions of different signedness: \xe2\x80\x98\x1b[01m\x1b[Ksize_t\x1b[m\x1b[K\xe2\x80\x99 {aka \xe2\x80\x98\x1b[01m\x1b[Klong unsigned int\x1b[m\x1b[K\xe2\x80\x99} and \xe2\x80\x98\x1b[01m\x1b[Kint\x1b[m\x1b[K\xe2\x80\x99 [\x1b[01;35m\x1b[K\x1b]8;;https://gcc.gnu.org/onlinedocs/gcc/Warning-Options.html#index-Wsign-compare\x07-Wsign-compare\x1b]8;;\x07\x1b[m\x1b[K]\n'}
[10.539004] (rplidar_ros) StderrLine: {'line': b'  383 |       for (size_t x = start_node, y = 0; \x1b[01;35m\x1b[Kx < end_node\x1b[m\x1b[K; ++x, ++y) {\n'}
[10.539670] (rplidar_ros) StderrLine: {'line': b'      |                                          \x1b[01;35m\x1b[K~~^~~~~~~~~~\x1b[m\x1b[K\n'}
[10.541320] (rplidar_ros) StderrLine: {'line': b'\x1b[01m\x1b[K/home/nvidia/ros_rlr/src/rplidar_ros2/src/rplidar_node.cpp:390:11:\x1b[m\x1b[K \x1b[01;35m\x1b[Kwarning: \x1b[m\x1b[Kunused variable \xe2\x80\x98\x1b[01m\x1b[Kangle_min\x1b[m\x1b[K\xe2\x80\x99 [\x1b[01;35m\x1b[K\x1b]8;;https://gcc.gnu.org/onlinedocs/gcc/Warning-Options.html#index-Wunused-variable\x07-Wunused-variable\x1b]8;;\x07\x1b[m\x1b[K]\n'}
[10.543457] (rplidar_ros) StderrLine: {'line': b'  390 |     float \x1b[01;35m\x1b[Kangle_min\x1b[m\x1b[K = deg_2_rad(0.0f);\n'}
[10.544083] (rplidar_ros) StderrLine: {'line': b'      |           \x1b[01;35m\x1b[K^~~~~~~~~\x1b[m\x1b[K\n'}
[10.544600] (rplidar_ros) StderrLine: {'line': b'\x1b[01m\x1b[K/home/nvidia/ros_rlr/src/rplidar_ros2/src/rplidar_node.cpp:391:11:\x1b[m\x1b[K \x1b[01;35m\x1b[Kwarning: \x1b[m\x1b[Kunused variable \xe2\x80\x98\x1b[01m\x1b[Kangle_max\x1b[m\x1b[K\xe2\x80\x99 [\x1b[01;35m\x1b[K\x1b]8;;https://gcc.gnu.org/onlinedocs/gcc/Warning-Options.html#index-Wunused-variable\x07-Wunused-variable\x1b]8;;\x07\x1b[m\x1b[K]\n'}
[10.545139] (rplidar_ros) StderrLine: {'line': b'  391 |     float \x1b[01;35m\x1b[Kangle_max\x1b[m\x1b[K = deg_2_rad(359.0f);\n'}
[10.545645] (rplidar_ros) StderrLine: {'line': b'      |           \x1b[01;35m\x1b[K^~~~~~~~~\x1b[m\x1b[K\n'}
[10.583341] (-) TimerEvent: {}
[10.650279] (sllidar_ros2) StderrLine: {'line': b'In file included from \x1b[01m\x1b[K/home/nvidia/ros_rlr/src/sllidar_ros2/./sdk/include/rplidar_protocol.h:36\x1b[m\x1b[K,\n'}
[10.650811] (sllidar_ros2) StderrLine: {'line': b'                 from \x1b[01m\x1b[K/home/nvidia/ros_rlr/src/sllidar_ros2/./sdk/include/rplidar.h:39\x1b[m\x1b[K,\n'}
[10.650935] (sllidar_ros2) StderrLine: {'line': b'                 from \x1b[01m\x1b[K/home/nvidia/ros_rlr/src/sllidar_ros2/sdk/src/sdkcommon.h:49\x1b[m\x1b[K,\n'}
[10.651038] (sllidar_ros2) StderrLine: {'line': b'                 from \x1b[01m\x1b[K/home/nvidia/ros_rlr/src/sllidar_ros2/sdk/src/rplidar_driver.cpp:33\x1b[m\x1b[K:\n'}
[10.651177] (sllidar_ros2) StderrLine: {'line': b'\x1b[01m\x1b[K/home/nvidia/ros_rlr/src/sllidar_ros2/./sdk/include/sl_lidar_protocol.h:66:16:\x1b[m\x1b[K \x1b[01;35m\x1b[Kwarning: \x1b[m\x1b[KISO C++ forbids zero-size array \xe2\x80\x98\x1b[01m\x1b[Kdata\x1b[m\x1b[K\xe2\x80\x99 [\x1b[01;35m\x1b[K\x1b]8;;https://gcc.gnu.org/onlinedocs/gcc/Warning-Options.html#index-Wpedantic\x07-Wpedantic\x1b]8;;\x07\x1b[m\x1b[K]\n'}
[10.651304] (sllidar_ros2) StderrLine: {'line': b'   66 |     sl_u8 data[\x1b[01;35m\x1b[K0\x1b[m\x1b[K];\n'}
[10.651403] (sllidar_ros2) StderrLine: {'line': b'      |                \x1b[01;35m\x1b[K^\x1b[m\x1b[K\n'}
[10.651509] (sllidar_ros2) StderrLine: {'line': b'In file included from \x1b[01m\x1b[K/home/nvidia/ros_rlr/src/sllidar_ros2/./sdk/include/rplidar_cmd.h:36\x1b[m\x1b[K,\n'}
[10.651614] (sllidar_ros2) StderrLine: {'line': b'                 from \x1b[01m\x1b[K/home/nvidia/ros_rlr/src/sllidar_ros2/./sdk/include/rplidar.h:40\x1b[m\x1b[K,\n'}
[10.651718] (sllidar_ros2) StderrLine: {'line': b'                 from \x1b[01m\x1b[K/home/nvidia/ros_rlr/src/sllidar_ros2/sdk/src/sdkcommon.h:49\x1b[m\x1b[K,\n'}
[10.651811] (sllidar_ros2) StderrLine: {'line': b'                 from \x1b[01m\x1b[K/home/nvidia/ros_rlr/src/sllidar_ros2/sdk/src/rplidar_driver.cpp:33\x1b[m\x1b[K:\n'}
[10.651894] (sllidar_ros2) StderrLine: {'line': b'\x1b[01m\x1b[K/home/nvidia/ros_rlr/src/sllidar_ros2/./sdk/include/sl_lidar_cmd.h:324:20:\x1b[m\x1b[K \x1b[01;35m\x1b[Kwarning: \x1b[m\x1b[KISO C++ forbids zero-size array \xe2\x80\x98\x1b[01m\x1b[Kpayload\x1b[m\x1b[K\xe2\x80\x99 [\x1b[01;35m\x1b[K\x1b]8;;https://gcc.gnu.org/onlinedocs/gcc/Warning-Options.html#index-Wpedantic\x07-Wpedantic\x1b]8;;\x07\x1b[m\x1b[K]\n'}
[10.651991] (sllidar_ros2) StderrLine: {'line': b'  324 |     sl_u8  payload[\x1b[01;35m\x1b[K0\x1b[m\x1b[K];\n'}
[10.652092] (sllidar_ros2) StderrLine: {'line': b'      |                    \x1b[01;35m\x1b[K^\x1b[m\x1b[K\n'}
[10.685286] (-) TimerEvent: {}
[10.764280] (sllidar_ros2) StderrLine: {'line': b'In file included from \x1b[01m\x1b[K/home/nvidia/ros_rlr/src/sllidar_ros2/./sdk/include/rplidar_protocol.h:36\x1b[m\x1b[K,\n'}
[10.764910] (sllidar_ros2) StderrLine: {'line': b'                 from \x1b[01m\x1b[K/home/nvidia/ros_rlr/src/sllidar_ros2/./sdk/include/rplidar.h:39\x1b[m\x1b[K,\n'}
[10.765036] (sllidar_ros2) StderrLine: {'line': b'                 from \x1b[01m\x1b[K/home/nvidia/ros_rlr/src/sllidar_ros2/./sdk/src/sdkcommon.h:49\x1b[m\x1b[K,\n'}
[10.766730] (sllidar_ros2) StderrLine: {'line': b'                 from \x1b[01m\x1b[K/home/nvidia/ros_rlr/src/sllidar_ros2/sdk/src/hal/thread.cpp:35\x1b[m\x1b[K:\n'}
[10.767495] (sllidar_ros2) StderrLine: {'line': b'\x1b[01m\x1b[K/home/nvidia/ros_rlr/src/sllidar_ros2/./sdk/include/sl_lidar_protocol.h:66:16:\x1b[m\x1b[K \x1b[01;35m\x1b[Kwarning: \x1b[m\x1b[KISO C++ forbids zero-size array \xe2\x80\x98\x1b[01m\x1b[Kdata\x1b[m\x1b[K\xe2\x80\x99 [\x1b[01;35m\x1b[K\x1b]8;;https://gcc.gnu.org/onlinedocs/gcc/Warning-Options.html#index-Wpedantic\x07-Wpedantic\x1b]8;;\x07\x1b[m\x1b[K]\n'}
[10.767654] (sllidar_ros2) StderrLine: {'line': b'   66 |     sl_u8 data[\x1b[01;35m\x1b[K0\x1b[m\x1b[K];\n'}
[10.767757] (sllidar_ros2) StderrLine: {'line': b'      |                \x1b[01;35m\x1b[K^\x1b[m\x1b[K\n'}
[10.767849] (sllidar_ros2) StderrLine: {'line': b'In file included from \x1b[01m\x1b[K/home/nvidia/ros_rlr/src/sllidar_ros2/./sdk/include/rplidar_cmd.h:36\x1b[m\x1b[K,\n'}
[10.767963] (sllidar_ros2) StderrLine: {'line': b'                 from \x1b[01m\x1b[K/home/nvidia/ros_rlr/src/sllidar_ros2/./sdk/include/rplidar.h:40\x1b[m\x1b[K,\n'}
[10.768050] (sllidar_ros2) StderrLine: {'line': b'                 from \x1b[01m\x1b[K/home/nvidia/ros_rlr/src/sllidar_ros2/./sdk/src/sdkcommon.h:49\x1b[m\x1b[K,\n'}
[10.768160] (sllidar_ros2) StderrLine: {'line': b'                 from \x1b[01m\x1b[K/home/nvidia/ros_rlr/src/sllidar_ros2/sdk/src/hal/thread.cpp:35\x1b[m\x1b[K:\n'}
[10.768239] (sllidar_ros2) StderrLine: {'line': b'\x1b[01m\x1b[K/home/nvidia/ros_rlr/src/sllidar_ros2/./sdk/include/sl_lidar_cmd.h:324:20:\x1b[m\x1b[K \x1b[01;35m\x1b[Kwarning: \x1b[m\x1b[KISO C++ forbids zero-size array \xe2\x80\x98\x1b[01m\x1b[Kpayload\x1b[m\x1b[K\xe2\x80\x99 [\x1b[01;35m\x1b[K\x1b]8;;https://gcc.gnu.org/onlinedocs/gcc/Warning-Options.html#index-Wpedantic\x07-Wpedantic\x1b]8;;\x07\x1b[m\x1b[K]\n'}
[10.768341] (sllidar_ros2) StderrLine: {'line': b'  324 |     sl_u8  payload[\x1b[01;35m\x1b[K0\x1b[m\x1b[K];\n'}
[10.768424] (sllidar_ros2) StderrLine: {'line': b'      |                    \x1b[01;35m\x1b[K^\x1b[m\x1b[K\n'}
[10.787157] (-) TimerEvent: {}
[10.888159] (-) TimerEvent: {}
[10.906857] (sllidar_ros2) StderrLine: {'line': b'In file included from \x1b[01m\x1b[K/home/nvidia/ros_rlr/src/sllidar_ros2/sdk/src/hal/thread.cpp:43\x1b[m\x1b[K:\n'}
[10.907139] (sllidar_ros2) StderrLine: {'line': b'\x1b[01m\x1b[K/home/nvidia/ros_rlr/src/sllidar_ros2/./sdk/src/arch/linux/thread.hpp:\x1b[m\x1b[K In static member function \xe2\x80\x98\x1b[01m\x1b[Kstatic rp::hal::Thread rp::hal::Thread::create(thread_proc_t, void*)\x1b[m\x1b[K\xe2\x80\x99:\n'}
[10.907260] (sllidar_ros2) StderrLine: {'line': b'\x1b[01m\x1b[K/home/nvidia/ros_rlr/src/sllidar_ros2/./sdk/src/arch/linux/thread.hpp:52:57:\x1b[m\x1b[K \x1b[01;35m\x1b[Kwarning: \x1b[m\x1b[Kcast between incompatible function types from \xe2\x80\x98\x1b[01m\x1b[Kthread_proc_t\x1b[m\x1b[K\xe2\x80\x99 {aka \xe2\x80\x98\x1b[01m\x1b[Klong unsigned int (*)(void*)\x1b[m\x1b[K\xe2\x80\x99} to \xe2\x80\x98\x1b[01m\x1b[Kvoid* (*)(void*)\x1b[m\x1b[K\xe2\x80\x99 [\x1b[01;35m\x1b[K\x1b]8;;https://gcc.gnu.org/onlinedocs/gcc/Warning-Options.html#index-Wcast-function-type\x07-Wcast-function-type\x1b]8;;\x07\x1b[m\x1b[K]\n'}
[10.907361] (sllidar_ros2) StderrLine: {'line': b'   52 |     pthread_create((pthread_t *)&newborn._handle, NULL, \x1b[01;35m\x1b[K(void * (*)(void *))proc\x1b[m\x1b[K, data);\n'}
[10.907449] (sllidar_ros2) StderrLine: {'line': b'      |                                                         \x1b[01;35m\x1b[K^~~~~~~~~~~~~~~~~~~~~~~~\x1b[m\x1b[K\n'}
[10.912250] (sllidar_ros2) StderrLine: {'line': b'\x1b[01m\x1b[K/home/nvidia/ros_rlr/src/sllidar_ros2/./sdk/src/arch/linux/thread.hpp:\x1b[m\x1b[K In member function \xe2\x80\x98\x1b[01m\x1b[Ku_result rp::hal::Thread::join(long unsigned int)\x1b[m\x1b[K\xe2\x80\x99:\n'}
[10.912512] (sllidar_ros2) StderrLine: {'line': b'\x1b[01m\x1b[K/home/nvidia/ros_rlr/src/sllidar_ros2/./sdk/src/arch/linux/thread.hpp:176:37:\x1b[m\x1b[K \x1b[01;35m\x1b[Kwarning: \x1b[m\x1b[Kunused parameter \xe2\x80\x98\x1b[01m\x1b[Ktimeout\x1b[m\x1b[K\xe2\x80\x99 [\x1b[01;35m\x1b[K\x1b]8;;https://gcc.gnu.org/onlinedocs/gcc/Warning-Options.html#index-Wunused-parameter\x07-Wunused-parameter\x1b]8;;\x07\x1b[m\x1b[K]\n'}
[10.912633] (sllidar_ros2) StderrLine: {'line': b'  176 | u_result Thread::join(\x1b[01;35m\x1b[Kunsigned long timeout\x1b[m\x1b[K)\n'}
[10.912726] (sllidar_ros2) StderrLine: {'line': b'      |                       \x1b[01;35m\x1b[K~~~~~~~~~~~~~~^~~~~~~\x1b[m\x1b[K\n'}
[10.988280] (-) TimerEvent: {}
[11.023523] (sllidar_ros2) StderrLine: {'line': b'\x1b[01m\x1b[K/home/nvidia/ros_rlr/src/sllidar_ros2/sdk/src/rplidar_driver.cpp:\x1b[m\x1b[K In member function \xe2\x80\x98\x1b[01m\x1b[Ku_result rp::standalone::rplidar::RPlidarDriver::connect(const char*, _u32, _u32)\x1b[m\x1b[K\xe2\x80\x99:\n'}
[11.023802] (sllidar_ros2) StderrLine: {'line': b'\x1b[01m\x1b[K/home/nvidia/ros_rlr/src/sllidar_ros2/sdk/src/rplidar_driver.cpp:67:77:\x1b[m\x1b[K \x1b[01;35m\x1b[Kwarning: \x1b[m\x1b[Kunused parameter \xe2\x80\x98\x1b[01m\x1b[Kflag\x1b[m\x1b[K\xe2\x80\x99 [\x1b[01;35m\x1b[K\x1b]8;;https://gcc.gnu.org/onlinedocs/gcc/Warning-Options.html#index-Wunused-parameter\x07-Wunused-parameter\x1b]8;;\x07\x1b[m\x1b[K]\n'}
[11.023929] (sllidar_ros2) StderrLine: {'line': b'   67 |     u_result RPlidarDriver::connect(const char *path, _u32 portOrBaud, \x1b[01;35m\x1b[K_u32 flag\x1b[m\x1b[K)\n'}
[11.024028] (sllidar_ros2) StderrLine: {'line': b'      |                                                                        \x1b[01;35m\x1b[K~~~~~^~~~\x1b[m\x1b[K\n'}
[11.029162] (sllidar_ros2) StderrLine: {'line': b'\x1b[01m\x1b[K/home/nvidia/ros_rlr/src/sllidar_ros2/sdk/src/rplidar_driver.cpp:\x1b[m\x1b[K In member function \xe2\x80\x98\x1b[01m\x1b[Ku_result rp::standalone::rplidar::RPlidarDriver::reset(_u32)\x1b[m\x1b[K\xe2\x80\x99:\n'}
[11.029449] (sllidar_ros2) StderrLine: {'line': b'\x1b[01m\x1b[K/home/nvidia/ros_rlr/src/sllidar_ros2/sdk/src/rplidar_driver.cpp:101:40:\x1b[m\x1b[K \x1b[01;35m\x1b[Kwarning: \x1b[m\x1b[Kunused parameter \xe2\x80\x98\x1b[01m\x1b[Ktimeout\x1b[m\x1b[K\xe2\x80\x99 [\x1b[01;35m\x1b[K\x1b]8;;https://gcc.gnu.org/onlinedocs/gcc/Warning-Options.html#index-Wunused-parameter\x07-Wunused-parameter\x1b]8;;\x07\x1b[m\x1b[K]\n'}
[11.029584] (sllidar_ros2) StderrLine: {'line': b'  101 |     u_result RPlidarDriver::reset(\x1b[01;35m\x1b[K_u32 timeout\x1b[m\x1b[K)\n'}
[11.029684] (sllidar_ros2) StderrLine: {'line': b'      |                                   \x1b[01;35m\x1b[K~~~~~^~~~~~~\x1b[m\x1b[K\n'}
[11.029884] (sllidar_ros2) StderrLine: {'line': b'\x1b[01m\x1b[K/home/nvidia/ros_rlr/src/sllidar_ros2/sdk/src/rplidar_driver.cpp:\x1b[m\x1b[K In member function \xe2\x80\x98\x1b[01m\x1b[Ku_result rp::standalone::rplidar::RPlidarDriver::getScanDataWithInterval(rplidar_response_measurement_node_t*, size_t&)\x1b[m\x1b[K\xe2\x80\x99:\n'}
[11.029993] (sllidar_ros2) StderrLine: {'line': b'\x1b[01m\x1b[K/home/nvidia/ros_rlr/src/sllidar_ros2/sdk/src/rplidar_driver.cpp:180:91:\x1b[m\x1b[K \x1b[01;35m\x1b[Kwarning: \x1b[m\x1b[Kunused parameter \xe2\x80\x98\x1b[01m\x1b[Knodebuffer\x1b[m\x1b[K\xe2\x80\x99 [\x1b[01;35m\x1b[K\x1b]8;;https://gcc.gnu.org/onlinedocs/gcc/Warning-Options.html#index-Wunused-parameter\x07-Wunused-parameter\x1b]8;;\x07\x1b[m\x1b[K]\n'}
[11.030108] (sllidar_ros2) StderrLine: {'line': b'  180 |     u_result RPlidarDriver::getScanDataWithInterval(\x1b[01;35m\x1b[Krplidar_response_measurement_node_t * nodebuffer\x1b[m\x1b[K, size_t & count)\n'}
[11.030197] (sllidar_ros2) StderrLine: {'line': b'      |                                                     \x1b[01;35m\x1b[K~~~~~~~~~~~~~~~~~~~~~~~~~~~~~~~~~~~~~~^~~~~~~~~~\x1b[m\x1b[K\n'}
[11.030280] (sllidar_ros2) StderrLine: {'line': b'\x1b[01m\x1b[K/home/nvidia/ros_rlr/src/sllidar_ros2/sdk/src/rplidar_driver.cpp:180:112:\x1b[m\x1b[K \x1b[01;35m\x1b[Kwarning: \x1b[m\x1b[Kunused parameter \xe2\x80\x98\x1b[01m\x1b[Kcount\x1b[m\x1b[K\xe2\x80\x99 [\x1b[01;35m\x1b[K\x1b]8;;https://gcc.gnu.org/onlinedocs/gcc/Warning-Options.html#index-Wunused-parameter\x07-Wunused-parameter\x1b]8;;\x07\x1b[m\x1b[K]\n'}
[11.030361] (sllidar_ros2) StderrLine: {'line': b'  180 |     u_result RPlidarDriver::getScanDataWithInterval(rplidar_response_measurement_node_t * nodebuffer, \x1b[01;35m\x1b[Ksize_t & count\x1b[m\x1b[K)\n'}
[11.030436] (sllidar_ros2) StderrLine: {'line': b'      |                                                                                                       \x1b[01;35m\x1b[K~~~~~~~~~^~~~~\x1b[m\x1b[K\n'}
[11.088398] (-) TimerEvent: {}
[11.156656] (sllidar_ros2) StdoutLine: {'line': b'[ 60%] \x1b[32mBuilding CXX object CMakeFiles/sllidar_node.dir/sdk/src/sl_async_transceiver.cpp.o\x1b[0m\n'}
[11.191141] (-) TimerEvent: {}
[11.298141] (-) TimerEvent: {}
[11.339624] (sllidar_ros2) StdoutLine: {'line': b'[ 65%] \x1b[32mBuilding CXX object CMakeFiles/sllidar_node.dir/sdk/src/sl_crc.cpp.o\x1b[0m\n'}
[11.385235] (sllidar_ros2) StderrLine: {'line': b'In file included from \x1b[01m\x1b[K/home/nvidia/ros_rlr/src/sllidar_ros2/./sdk/include/sl_lidar_cmd.h:41\x1b[m\x1b[K,\n'}
[11.385668] (sllidar_ros2) StderrLine: {'line': b'                 from \x1b[01m\x1b[K/home/nvidia/ros_rlr/src/sllidar_ros2/./sdk/include/sl_crc.h:36\x1b[m\x1b[K,\n'}
[11.385785] (sllidar_ros2) StderrLine: {'line': b'                 from \x1b[01m\x1b[K/home/nvidia/ros_rlr/src/sllidar_ros2/sdk/src/sl_crc.cpp:33\x1b[m\x1b[K:\n'}
[11.385878] (sllidar_ros2) StderrLine: {'line': b'\x1b[01m\x1b[K/home/nvidia/ros_rlr/src/sllidar_ros2/./sdk/include/sl_lidar_protocol.h:66:16:\x1b[m\x1b[K \x1b[01;35m\x1b[Kwarning: \x1b[m\x1b[KISO C++ forbids zero-size array \xe2\x80\x98\x1b[01m\x1b[Kdata\x1b[m\x1b[K\xe2\x80\x99 [\x1b[01;35m\x1b[K\x1b]8;;https://gcc.gnu.org/onlinedocs/gcc/Warning-Options.html#index-Wpedantic\x07-Wpedantic\x1b]8;;\x07\x1b[m\x1b[K]\n'}
[11.385975] (sllidar_ros2) StderrLine: {'line': b'   66 |     sl_u8 data[\x1b[01;35m\x1b[K0\x1b[m\x1b[K];\n'}
[11.386074] (sllidar_ros2) StderrLine: {'line': b'      |                \x1b[01;35m\x1b[K^\x1b[m\x1b[K\n'}
[11.396147] (sllidar_ros2) StderrLine: {'line': b'In file included from \x1b[01m\x1b[K/home/nvidia/ros_rlr/src/sllidar_ros2/./sdk/include/sl_crc.h:36\x1b[m\x1b[K,\n'}
[11.396404] (sllidar_ros2) StderrLine: {'line': b'                 from \x1b[01m\x1b[K/home/nvidia/ros_rlr/src/sllidar_ros2/sdk/src/sl_crc.cpp:33\x1b[m\x1b[K:\n'}
[11.396507] (sllidar_ros2) StderrLine: {'line': b'\x1b[01m\x1b[K/home/nvidia/ros_rlr/src/sllidar_ros2/./sdk/include/sl_lidar_cmd.h:324:20:\x1b[m\x1b[K \x1b[01;35m\x1b[Kwarning: \x1b[m\x1b[KISO C++ forbids zero-size array \xe2\x80\x98\x1b[01m\x1b[Kpayload\x1b[m\x1b[K\xe2\x80\x99 [\x1b[01;35m\x1b[K\x1b]8;;https://gcc.gnu.org/onlinedocs/gcc/Warning-Options.html#index-Wpedantic\x07-Wpedantic\x1b]8;;\x07\x1b[m\x1b[K]\n'}
[11.396604] (sllidar_ros2) StderrLine: {'line': b'  324 |     sl_u8  payload[\x1b[01;35m\x1b[K0\x1b[m\x1b[K];\n'}
[11.396689] (sllidar_ros2) StderrLine: {'line': b'      |                    \x1b[01;35m\x1b[K^\x1b[m\x1b[K\n'}
[11.398236] (-) TimerEvent: {}
[11.454974] (sllidar_ros2) StdoutLine: {'line': b'[ 70%] \x1b[32mBuilding CXX object CMakeFiles/sllidar_node.dir/sdk/src/sl_lidar_driver.cpp.o\x1b[0m\n'}
[11.498373] (-) TimerEvent: {}
[11.599502] (-) TimerEvent: {}
[11.702151] (-) TimerEvent: {}
[11.804554] (-) TimerEvent: {}
[11.905440] (-) TimerEvent: {}
[11.989143] (sllidar_ros2) StderrLine: {'line': b'In file included from \x1b[01m\x1b[K/home/nvidia/ros_rlr/src/sllidar_ros2/./sdk/include/rplidar_protocol.h:36\x1b[m\x1b[K,\n'}
[11.989967] (sllidar_ros2) StderrLine: {'line': b'                 from \x1b[01m\x1b[K/home/nvidia/ros_rlr/src/sllidar_ros2/./sdk/include/rplidar.h:39\x1b[m\x1b[K,\n'}
[11.990153] (sllidar_ros2) StderrLine: {'line': b'                 from \x1b[01m\x1b[K/home/nvidia/ros_rlr/src/sllidar_ros2/sdk/src/sdkcommon.h:49\x1b[m\x1b[K,\n'}
[11.990262] (sllidar_ros2) StderrLine: {'line': b'                 from \x1b[01m\x1b[K/home/nvidia/ros_rlr/src/sllidar_ros2/sdk/src/sl_async_transceiver.cpp:35\x1b[m\x1b[K:\n'}
[11.990357] (sllidar_ros2) StderrLine: {'line': b'\x1b[01m\x1b[K/home/nvidia/ros_rlr/src/sllidar_ros2/./sdk/include/sl_lidar_protocol.h:66:16:\x1b[m\x1b[K \x1b[01;35m\x1b[Kwarning: \x1b[m\x1b[KISO C++ forbids zero-size array \xe2\x80\x98\x1b[01m\x1b[Kdata\x1b[m\x1b[K\xe2\x80\x99 [\x1b[01;35m\x1b[K\x1b]8;;https://gcc.gnu.org/onlinedocs/gcc/Warning-Options.html#index-Wpedantic\x07-Wpedantic\x1b]8;;\x07\x1b[m\x1b[K]\n'}
[11.990455] (sllidar_ros2) StderrLine: {'line': b'   66 |     sl_u8 data[\x1b[01;35m\x1b[K0\x1b[m\x1b[K];\n'}
[11.990542] (sllidar_ros2) StderrLine: {'line': b'      |                \x1b[01;35m\x1b[K^\x1b[m\x1b[K\n'}
[11.990626] (sllidar_ros2) StderrLine: {'line': b'In file included from \x1b[01m\x1b[K/home/nvidia/ros_rlr/src/sllidar_ros2/./sdk/include/rplidar_cmd.h:36\x1b[m\x1b[K,\n'}
[11.990711] (sllidar_ros2) StderrLine: {'line': b'                 from \x1b[01m\x1b[K/home/nvidia/ros_rlr/src/sllidar_ros2/./sdk/include/rplidar.h:40\x1b[m\x1b[K,\n'}
[11.990809] (sllidar_ros2) StderrLine: {'line': b'                 from \x1b[01m\x1b[K/home/nvidia/ros_rlr/src/sllidar_ros2/sdk/src/sdkcommon.h:49\x1b[m\x1b[K,\n'}
[11.990892] (sllidar_ros2) StderrLine: {'line': b'                 from \x1b[01m\x1b[K/home/nvidia/ros_rlr/src/sllidar_ros2/sdk/src/sl_async_transceiver.cpp:35\x1b[m\x1b[K:\n'}
[11.990976] (sllidar_ros2) StderrLine: {'line': b'\x1b[01m\x1b[K/home/nvidia/ros_rlr/src/sllidar_ros2/./sdk/include/sl_lidar_cmd.h:324:20:\x1b[m\x1b[K \x1b[01;35m\x1b[Kwarning: \x1b[m\x1b[KISO C++ forbids zero-size array \xe2\x80\x98\x1b[01m\x1b[Kpayload\x1b[m\x1b[K\xe2\x80\x99 [\x1b[01;35m\x1b[K\x1b]8;;https://gcc.gnu.org/onlinedocs/gcc/Warning-Options.html#index-Wpedantic\x07-Wpedantic\x1b]8;;\x07\x1b[m\x1b[K]\n'}
[11.991077] (sllidar_ros2) StderrLine: {'line': b'  324 |     sl_u8  payload[\x1b[01;35m\x1b[K0\x1b[m\x1b[K];\n'}
[11.991172] (sllidar_ros2) StderrLine: {'line': b'      |                    \x1b[01;35m\x1b[K^\x1b[m\x1b[K\n'}
[12.007140] (-) TimerEvent: {}
[12.110155] (-) TimerEvent: {}
[12.187446] (sllidar_ros2) StderrLine: {'line': b'In file included from \x1b[01m\x1b[K/home/nvidia/ros_rlr/src/sllidar_ros2/sdk/src/sl_async_transceiver.cpp:44\x1b[m\x1b[K:\n'}
[12.188272] (sllidar_ros2) StderrLine: {'line': b'\x1b[01m\x1b[K/home/nvidia/ros_rlr/src/sllidar_ros2/sdk/src/sl_async_transceiver.h:\x1b[m\x1b[K In member function \xe2\x80\x98\x1b[01m\x1b[Kvirtual void sl::internal::IAsyncProtocolCodec::onChannelError(u_result)\x1b[m\x1b[K\xe2\x80\x99:\n'}
[12.189803] (sllidar_ros2) StderrLine: {'line': b'\x1b[01m\x1b[K/home/nvidia/ros_rlr/src/sllidar_ros2/sdk/src/sl_async_transceiver.h:90:48:\x1b[m\x1b[K \x1b[01;35m\x1b[Kwarning: \x1b[m\x1b[Kunused parameter \xe2\x80\x98\x1b[01m\x1b[KerrCode\x1b[m\x1b[K\xe2\x80\x99 [\x1b[01;35m\x1b[K\x1b]8;;https://gcc.gnu.org/onlinedocs/gcc/Warning-Options.html#index-Wunused-parameter\x07-Wunused-parameter\x1b]8;;\x07\x1b[m\x1b[K]\n'}
[12.190202] (sllidar_ros2) StderrLine: {'line': b'   90 |         virtual void   onChannelError(\x1b[01;35m\x1b[Ku_result errCode\x1b[m\x1b[K) {}\n'}
[12.190316] (sllidar_ros2) StderrLine: {'line': b'      |                                       \x1b[01;35m\x1b[K~~~~~~~~~^~~~~~~\x1b[m\x1b[K\n'}
[12.214864] (-) TimerEvent: {}
[12.315785] (-) TimerEvent: {}
[12.416749] (-) TimerEvent: {}
[12.517720] (-) TimerEvent: {}
[12.522930] (sllidar_ros2) StderrLine: {'line': b'In file included from \x1b[01m\x1b[K/home/nvidia/ros_rlr/src/sllidar_ros2/./sdk/include/rplidar_protocol.h:36\x1b[m\x1b[K,\n'}
[12.523710] (sllidar_ros2) StderrLine: {'line': b'                 from \x1b[01m\x1b[K/home/nvidia/ros_rlr/src/sllidar_ros2/./sdk/include/rplidar.h:39\x1b[m\x1b[K,\n'}
[12.524068] (sllidar_ros2) StderrLine: {'line': b'                 from \x1b[01m\x1b[K/home/nvidia/ros_rlr/src/sllidar_ros2/sdk/src/sdkcommon.h:49\x1b[m\x1b[K,\n'}
[12.524195] (sllidar_ros2) StderrLine: {'line': b'                 from \x1b[01m\x1b[K/home/nvidia/ros_rlr/src/sllidar_ros2/sdk/src/sl_lidar_driver.cpp:33\x1b[m\x1b[K:\n'}
[12.524295] (sllidar_ros2) StderrLine: {'line': b'\x1b[01m\x1b[K/home/nvidia/ros_rlr/src/sllidar_ros2/./sdk/include/sl_lidar_protocol.h:66:16:\x1b[m\x1b[K \x1b[01;35m\x1b[Kwarning: \x1b[m\x1b[KISO C++ forbids zero-size array \xe2\x80\x98\x1b[01m\x1b[Kdata\x1b[m\x1b[K\xe2\x80\x99 [\x1b[01;35m\x1b[K\x1b]8;;https://gcc.gnu.org/onlinedocs/gcc/Warning-Options.html#index-Wpedantic\x07-Wpedantic\x1b]8;;\x07\x1b[m\x1b[K]\n'}
[12.524396] (sllidar_ros2) StderrLine: {'line': b'   66 |     sl_u8 data[\x1b[01;35m\x1b[K0\x1b[m\x1b[K];\n'}
[12.524485] (sllidar_ros2) StderrLine: {'line': b'      |                \x1b[01;35m\x1b[K^\x1b[m\x1b[K\n'}
[12.524567] (sllidar_ros2) StderrLine: {'line': b'In file included from \x1b[01m\x1b[K/home/nvidia/ros_rlr/src/sllidar_ros2/./sdk/include/rplidar_cmd.h:36\x1b[m\x1b[K,\n'}
[12.524648] (sllidar_ros2) StderrLine: {'line': b'                 from \x1b[01m\x1b[K/home/nvidia/ros_rlr/src/sllidar_ros2/./sdk/include/rplidar.h:40\x1b[m\x1b[K,\n'}
[12.524732] (sllidar_ros2) StderrLine: {'line': b'                 from \x1b[01m\x1b[K/home/nvidia/ros_rlr/src/sllidar_ros2/sdk/src/sdkcommon.h:49\x1b[m\x1b[K,\n'}
[12.524810] (sllidar_ros2) StderrLine: {'line': b'                 from \x1b[01m\x1b[K/home/nvidia/ros_rlr/src/sllidar_ros2/sdk/src/sl_lidar_driver.cpp:33\x1b[m\x1b[K:\n'}
[12.524890] (sllidar_ros2) StderrLine: {'line': b'\x1b[01m\x1b[K/home/nvidia/ros_rlr/src/sllidar_ros2/./sdk/include/sl_lidar_cmd.h:324:20:\x1b[m\x1b[K \x1b[01;35m\x1b[Kwarning: \x1b[m\x1b[KISO C++ forbids zero-size array \xe2\x80\x98\x1b[01m\x1b[Kpayload\x1b[m\x1b[K\xe2\x80\x99 [\x1b[01;35m\x1b[K\x1b]8;;https://gcc.gnu.org/onlinedocs/gcc/Warning-Options.html#index-Wpedantic\x07-Wpedantic\x1b]8;;\x07\x1b[m\x1b[K]\n'}
[12.524979] (sllidar_ros2) StderrLine: {'line': b'  324 |     sl_u8  payload[\x1b[01;35m\x1b[K0\x1b[m\x1b[K];\n'}
[12.528137] (sllidar_ros2) StderrLine: {'line': b'      |                    \x1b[01;35m\x1b[K^\x1b[m\x1b[K\n'}
[12.528443] (sllidar_ros2) StdoutLine: {'line': b'[ 75%] \x1b[32mBuilding CXX object CMakeFiles/sllidar_node.dir/sdk/src/sl_lidarprotocol_codec.cpp.o\x1b[0m\n'}
[12.617838] (-) TimerEvent: {}
[12.725148] (-) TimerEvent: {}
[12.825669] (-) TimerEvent: {}
[12.929145] (-) TimerEvent: {}
[13.029723] (-) TimerEvent: {}
[13.130323] (-) TimerEvent: {}
[13.183438] (sllidar_ros2) StderrLine: {'line': b'In file included from \x1b[01m\x1b[K/home/nvidia/ros_rlr/src/sllidar_ros2/sdk/src/sl_lidar_driver.cpp:50\x1b[m\x1b[K:\n'}
[13.184178] (sllidar_ros2) StderrLine: {'line': b'\x1b[01m\x1b[K/home/nvidia/ros_rlr/src/sllidar_ros2/sdk/src/dataunpacker/dataunpacker.h:\x1b[m\x1b[K In member function \xe2\x80\x98\x1b[01m\x1b[Kvirtual void sl::internal::LIDARSampleDataListener::onCustomSampleDataDecoded(_u8, _u32, const void*, size_t)\x1b[m\x1b[K\xe2\x80\x99:\n'}
[13.184746] (sllidar_ros2) StderrLine: {'line': b'\x1b[01m\x1b[K/home/nvidia/ros_rlr/src/sllidar_ros2/sdk/src/dataunpacker/dataunpacker.h:54:52:\x1b[m\x1b[K \x1b[01;35m\x1b[Kwarning: \x1b[m\x1b[Kunused parameter \xe2\x80\x98\x1b[01m\x1b[KansType\x1b[m\x1b[K\xe2\x80\x99 [\x1b[01;35m\x1b[K\x1b]8;;https://gcc.gnu.org/onlinedocs/gcc/Warning-Options.html#index-Wunused-parameter\x07-Wunused-parameter\x1b]8;;\x07\x1b[m\x1b[K]\n'}
[13.185289] (sllidar_ros2) StderrLine: {'line': b'   54 |         virtual void onCustomSampleDataDecoded(\x1b[01;35m\x1b[K_u8 ansType\x1b[m\x1b[K, _u32 customCode, const void* data, size_t size) {}\n'}
[13.185808] (sllidar_ros2) StderrLine: {'line': b'      |                                                \x1b[01;35m\x1b[K~~~~^~~~~~~\x1b[m\x1b[K\n'}
[13.185999] (sllidar_ros2) StderrLine: {'line': b'\x1b[01m\x1b[K/home/nvidia/ros_rlr/src/sllidar_ros2/sdk/src/dataunpacker/dataunpacker.h:54:66:\x1b[m\x1b[K \x1b[01;35m\x1b[Kwarning: \x1b[m\x1b[Kunused parameter \xe2\x80\x98\x1b[01m\x1b[KcustomCode\x1b[m\x1b[K\xe2\x80\x99 [\x1b[01;35m\x1b[K\x1b]8;;https://gcc.gnu.org/onlinedocs/gcc/Warning-Options.html#index-Wunused-parameter\x07-Wunused-parameter\x1b]8;;\x07\x1b[m\x1b[K]\n'}
[13.186132] (sllidar_ros2) StderrLine: {'line': b'   54 |         virtual void onCustomSampleDataDecoded(_u8 ansType, \x1b[01;35m\x1b[K_u32 customCode\x1b[m\x1b[K, const void* data, size_t size) {}\n'}
[13.186226] (sllidar_ros2) StderrLine: {'line': b'      |                                                             \x1b[01;35m\x1b[K~~~~~^~~~~~~~~~\x1b[m\x1b[K\n'}
[13.186314] (sllidar_ros2) StderrLine: {'line': b'\x1b[01m\x1b[K/home/nvidia/ros_rlr/src/sllidar_ros2/sdk/src/dataunpacker/dataunpacker.h:54:90:\x1b[m\x1b[K \x1b[01;35m\x1b[Kwarning: \x1b[m\x1b[Kunused parameter \xe2\x80\x98\x1b[01m\x1b[Kdata\x1b[m\x1b[K\xe2\x80\x99 [\x1b[01;35m\x1b[K\x1b]8;;https://gcc.gnu.org/onlinedocs/gcc/Warning-Options.html#index-Wunused-parameter\x07-Wunused-parameter\x1b]8;;\x07\x1b[m\x1b[K]\n'}
[13.186413] (sllidar_ros2) StderrLine: {'line': b'   54 |         virtual void onCustomSampleDataDecoded(_u8 ansType, _u32 customCode, \x1b[01;35m\x1b[Kconst void* data\x1b[m\x1b[K, size_t size) {}\n'}
[13.186510] (sllidar_ros2) StderrLine: {'line': b'      |                                                                              \x1b[01;35m\x1b[K~~~~~~~~~~~~^~~~\x1b[m\x1b[K\n'}
[13.186594] (sllidar_ros2) StderrLine: {'line': b'\x1b[01m\x1b[K/home/nvidia/ros_rlr/src/sllidar_ros2/sdk/src/dataunpacker/dataunpacker.h:54:103:\x1b[m\x1b[K \x1b[01;35m\x1b[Kwarning: \x1b[m\x1b[Kunused parameter \xe2\x80\x98\x1b[01m\x1b[Ksize\x1b[m\x1b[K\xe2\x80\x99 [\x1b[01;35m\x1b[K\x1b]8;;https://gcc.gnu.org/onlinedocs/gcc/Warning-Options.html#index-Wunused-parameter\x07-Wunused-parameter\x1b]8;;\x07\x1b[m\x1b[K]\n'}
[13.186684] (sllidar_ros2) StderrLine: {'line': b'   54 |         virtual void onCustomSampleDataDecoded(_u8 ansType, _u32 customCode, const void* data, \x1b[01;35m\x1b[Ksize_t size\x1b[m\x1b[K) {}\n'}
[13.186767] (sllidar_ros2) StderrLine: {'line': b'      |                                                                                                \x1b[01;35m\x1b[K~~~~~~~^~~~\x1b[m\x1b[K\n'}
[13.186847] (sllidar_ros2) StderrLine: {'line': b'\x1b[01m\x1b[K/home/nvidia/ros_rlr/src/sllidar_ros2/sdk/src/dataunpacker/dataunpacker.h:\x1b[m\x1b[K In member function \xe2\x80\x98\x1b[01m\x1b[Kvirtual void sl::internal::LIDARSampleDataListener::onDecodingError(int, _u8, const void*, size_t)\x1b[m\x1b[K\xe2\x80\x99:\n'}
[13.186938] (sllidar_ros2) StderrLine: {'line': b'\x1b[01m\x1b[K/home/nvidia/ros_rlr/src/sllidar_ros2/sdk/src/dataunpacker/dataunpacker.h:56:42:\x1b[m\x1b[K \x1b[01;35m\x1b[Kwarning: \x1b[m\x1b[Kunused parameter \xe2\x80\x98\x1b[01m\x1b[KerrMsg\x1b[m\x1b[K\xe2\x80\x99 [\x1b[01;35m\x1b[K\x1b]8;;https://gcc.gnu.org/onlinedocs/gcc/Warning-Options.html#index-Wunused-parameter\x07-Wunused-parameter\x1b]8;;\x07\x1b[m\x1b[K]\n'}
[13.187023] (sllidar_ros2) StderrLine: {'line': b'   56 |         virtual void onDecodingError(\x1b[01;35m\x1b[Kint errMsg\x1b[m\x1b[K, _u8 ansType, const void* payload, size_t size) {}\n'}
[13.190270] (sllidar_ros2) StderrLine: {'line': b'      |                                      \x1b[01;35m\x1b[K~~~~^~~~~~\x1b[m\x1b[K\n'}
[13.190397] (sllidar_ros2) StderrLine: {'line': b'\x1b[01m\x1b[K/home/nvidia/ros_rlr/src/sllidar_ros2/sdk/src/dataunpacker/dataunpacker.h:56:54:\x1b[m\x1b[K \x1b[01;35m\x1b[Kwarning: \x1b[m\x1b[Kunused parameter \xe2\x80\x98\x1b[01m\x1b[KansType\x1b[m\x1b[K\xe2\x80\x99 [\x1b[01;35m\x1b[K\x1b]8;;https://gcc.gnu.org/onlinedocs/gcc/Warning-Options.html#index-Wunused-parameter\x07-Wunused-parameter\x1b]8;;\x07\x1b[m\x1b[K]\n'}
[13.190491] (sllidar_ros2) StderrLine: {'line': b'   56 |         virtual void onDecodingError(int errMsg, \x1b[01;35m\x1b[K_u8 ansType\x1b[m\x1b[K, const void* payload, size_t size) {}\n'}
[13.190572] (sllidar_ros2) StderrLine: {'line': b'      |                                                  \x1b[01;35m\x1b[K~~~~^~~~~~~\x1b[m\x1b[K\n'}
[13.190652] (sllidar_ros2) StderrLine: {'line': b'\x1b[01m\x1b[K/home/nvidia/ros_rlr/src/sllidar_ros2/sdk/src/dataunpacker/dataunpacker.h:56:75:\x1b[m\x1b[K \x1b[01;35m\x1b[Kwarning: \x1b[m\x1b[Kunused parameter \xe2\x80\x98\x1b[01m\x1b[Kpayload\x1b[m\x1b[K\xe2\x80\x99 [\x1b[01;35m\x1b[K\x1b]8;;https://gcc.gnu.org/onlinedocs/gcc/Warning-Options.html#index-Wunused-parameter\x07-Wunused-parameter\x1b]8;;\x07\x1b[m\x1b[K]\n'}
[13.190735] (sllidar_ros2) StderrLine: {'line': b'   56 |         virtual void onDecodingError(int errMsg, _u8 ansType, \x1b[01;35m\x1b[Kconst void* payload\x1b[m\x1b[K, size_t size) {}\n'}
[13.190815] (sllidar_ros2) StderrLine: {'line': b'      |                                                               \x1b[01;35m\x1b[K~~~~~~~~~~~~^~~~~~~\x1b[m\x1b[K\n'}
[13.190894] (sllidar_ros2) StderrLine: {'line': b'\x1b[01m\x1b[K/home/nvidia/ros_rlr/src/sllidar_ros2/sdk/src/dataunpacker/dataunpacker.h:56:91:\x1b[m\x1b[K \x1b[01;35m\x1b[Kwarning: \x1b[m\x1b[Kunused parameter \xe2\x80\x98\x1b[01m\x1b[Ksize\x1b[m\x1b[K\xe2\x80\x99 [\x1b[01;35m\x1b[K\x1b]8;;https://gcc.gnu.org/onlinedocs/gcc/Warning-Options.html#index-Wunused-parameter\x07-Wunused-parameter\x1b]8;;\x07\x1b[m\x1b[K]\n'}
[13.190975] (sllidar_ros2) StderrLine: {'line': b'   56 |         virtual void onDecodingError(int errMsg, _u8 ansType, const void* payload, \x1b[01;35m\x1b[Ksize_t size\x1b[m\x1b[K) {}\n'}
[13.199545] (sllidar_ros2) StderrLine: {'line': b'      |                                                                                    \x1b[01;35m\x1b[K~~~~~~~^~~~\x1b[m\x1b[K\n'}
[13.208034] (sllidar_ros2) StderrLine: {'line': b'In file included from \x1b[01m\x1b[K/home/nvidia/ros_rlr/src/sllidar_ros2/sdk/src/sl_lidar_driver.cpp:51\x1b[m\x1b[K:\n'}
[13.208419] (sllidar_ros2) StderrLine: {'line': b'\x1b[01m\x1b[K/home/nvidia/ros_rlr/src/sllidar_ros2/sdk/src/sl_async_transceiver.h:\x1b[m\x1b[K In member function \xe2\x80\x98\x1b[01m\x1b[Kvirtual void sl::internal::IAsyncProtocolCodec::onChannelError(u_result)\x1b[m\x1b[K\xe2\x80\x99:\n'}
[13.208632] (sllidar_ros2) StderrLine: {'line': b'\x1b[01m\x1b[K/home/nvidia/ros_rlr/src/sllidar_ros2/sdk/src/sl_async_transceiver.h:90:48:\x1b[m\x1b[K \x1b[01;35m\x1b[Kwarning: \x1b[m\x1b[Kunused parameter \xe2\x80\x98\x1b[01m\x1b[KerrCode\x1b[m\x1b[K\xe2\x80\x99 [\x1b[01;35m\x1b[K\x1b]8;;https://gcc.gnu.org/onlinedocs/gcc/Warning-Options.html#index-Wunused-parameter\x07-Wunused-parameter\x1b]8;;\x07\x1b[m\x1b[K]\n'}
[13.208846] (sllidar_ros2) StderrLine: {'line': b'   90 |         virtual void   onChannelError(\x1b[01;35m\x1b[Ku_result errCode\x1b[m\x1b[K) {}\n'}
[13.209012] (sllidar_ros2) StderrLine: {'line': b'      |                                       \x1b[01;35m\x1b[K~~~~~~~~~^~~~~~~\x1b[m\x1b[K\n'}
[13.232154] (-) TimerEvent: {}
[13.282239] (sllidar_ros2) StderrLine: {'line': b'\x1b[01m\x1b[K/home/nvidia/ros_rlr/src/sllidar_ros2/sdk/src/sl_lidar_driver.cpp:\x1b[m\x1b[K In member function \xe2\x80\x98\x1b[01m\x1b[Kvirtual sl_result sl::SlamtecLidarDriver::reset(sl_u32)\x1b[m\x1b[K\xe2\x80\x99:\n'}
[13.282510] (sllidar_ros2) StderrLine: {'line': b'\x1b[01m\x1b[K/home/nvidia/ros_rlr/src/sllidar_ros2/sdk/src/sl_lidar_driver.cpp:511:32:\x1b[m\x1b[K \x1b[01;35m\x1b[Kwarning: \x1b[m\x1b[Kunused parameter \xe2\x80\x98\x1b[01m\x1b[KtimeoutInMs\x1b[m\x1b[K\xe2\x80\x99 [\x1b[01;35m\x1b[K\x1b]8;;https://gcc.gnu.org/onlinedocs/gcc/Warning-Options.html#index-Wunused-parameter\x07-Wunused-parameter\x1b]8;;\x07\x1b[m\x1b[K]\n'}
[13.282658] (sllidar_ros2) StderrLine: {'line': b'  511 |         sl_result reset(\x1b[01;35m\x1b[Ksl_u32 timeoutInMs = DEFAULT_TIMEOUT\x1b[m\x1b[K)\n'}
[13.282763] (sllidar_ros2) StderrLine: {'line': b'      |                         \x1b[01;35m\x1b[K~~~~~~~^~~~~~~~~~~~~~~~~~~~~~~~~~~~~\x1b[m\x1b[K\n'}
[13.291826] (sllidar_ros2) StderrLine: {'line': b'\x1b[01m\x1b[K/home/nvidia/ros_rlr/src/sllidar_ros2/sdk/src/sl_lidar_driver.cpp:\x1b[m\x1b[K In member function \xe2\x80\x98\x1b[01m\x1b[Kvirtual sl_result sl::SlamtecLidarDriver::startScan(bool, bool, sl_u32, sl::LidarScanMode*)\x1b[m\x1b[K\xe2\x80\x99:\n'}
[13.292203] (sllidar_ros2) StderrLine: {'line': b'\x1b[01m\x1b[K/home/nvidia/ros_rlr/src/sllidar_ros2/sdk/src/sl_lidar_driver.cpp:586:69:\x1b[m\x1b[K \x1b[01;35m\x1b[Kwarning: \x1b[m\x1b[Kunused parameter \xe2\x80\x98\x1b[01m\x1b[Koptions\x1b[m\x1b[K\xe2\x80\x99 [\x1b[01;35m\x1b[K\x1b]8;;https://gcc.gnu.org/onlinedocs/gcc/Warning-Options.html#index-Wunused-parameter\x07-Wunused-parameter\x1b]8;;\x07\x1b[m\x1b[K]\n'}
[13.292339] (sllidar_ros2) StderrLine: {'line': b'  586 |         sl_result startScan(bool force, bool useTypicalScan, \x1b[01;35m\x1b[Ksl_u32 options = 0\x1b[m\x1b[K, LidarScanMode* outUsedScanMode = nullptr)\n'}
[13.296229] (sllidar_ros2) StderrLine: {'line': b'      |                                                              \x1b[01;35m\x1b[K~~~~~~~^~~~~~~~~~~\x1b[m\x1b[K\n'}
[13.302239] (sllidar_ros2) StderrLine: {'line': b'\x1b[01m\x1b[K/home/nvidia/ros_rlr/src/sllidar_ros2/sdk/src/sl_lidar_driver.cpp:\x1b[m\x1b[K In member function \xe2\x80\x98\x1b[01m\x1b[Kvirtual sl_result sl::SlamtecLidarDriver::stop(sl_u32)\x1b[m\x1b[K\xe2\x80\x99:\n'}
[13.302548] (sllidar_ros2) StderrLine: {'line': b'\x1b[01m\x1b[K/home/nvidia/ros_rlr/src/sllidar_ros2/sdk/src/sl_lidar_driver.cpp:763:31:\x1b[m\x1b[K \x1b[01;35m\x1b[Kwarning: \x1b[m\x1b[Kunused parameter \xe2\x80\x98\x1b[01m\x1b[Ktimeout\x1b[m\x1b[K\xe2\x80\x99 [\x1b[01;35m\x1b[K\x1b]8;;https://gcc.gnu.org/onlinedocs/gcc/Warning-Options.html#index-Wunused-parameter\x07-Wunused-parameter\x1b]8;;\x07\x1b[m\x1b[K]\n'}
[13.302678] (sllidar_ros2) StderrLine: {'line': b'  763 |         sl_result stop(\x1b[01;35m\x1b[Ksl_u32 timeout = DEFAULT_TIMEOUT\x1b[m\x1b[K)\n'}
[13.302774] (sllidar_ros2) StderrLine: {'line': b'      |                        \x1b[01;35m\x1b[K~~~~~~~^~~~~~~~~~~~~~~~~~~~~~~~~\x1b[m\x1b[K\n'}
[13.309236] (sllidar_ros2) StderrLine: {'line': b'\x1b[01m\x1b[K/home/nvidia/ros_rlr/src/sllidar_ros2/sdk/src/sl_lidar_driver.cpp:\x1b[m\x1b[K In member function \xe2\x80\x98\x1b[01m\x1b[Kvirtual sl_result sl::SlamtecLidarDriver::getFrequency(const sl::LidarScanMode&, const sl_lidar_response_measurement_node_hq_t*, size_t, float&)\x1b[m\x1b[K\xe2\x80\x99:\n'}
[13.309487] (sllidar_ros2) StderrLine: {'line': b'\x1b[01m\x1b[K/home/nvidia/ros_rlr/src/sllidar_ros2/sdk/src/sl_lidar_driver.cpp:880:110:\x1b[m\x1b[K \x1b[01;35m\x1b[Kwarning: \x1b[m\x1b[Kunused parameter \xe2\x80\x98\x1b[01m\x1b[Knodes\x1b[m\x1b[K\xe2\x80\x99 [\x1b[01;35m\x1b[K\x1b]8;;https://gcc.gnu.org/onlinedocs/gcc/Warning-Options.html#index-Wunused-parameter\x07-Wunused-parameter\x1b]8;;\x07\x1b[m\x1b[K]\n'}
[13.309614] (sllidar_ros2) StderrLine: {'line': b'  880 |         sl_result getFrequency(const LidarScanMode& scanMode, \x1b[01;35m\x1b[Kconst sl_lidar_response_measurement_node_hq_t* nodes\x1b[m\x1b[K, size_t count, float& frequency)\n'}
[13.309708] (sllidar_ros2) StderrLine: {'line': b'      |                                                               \x1b[01;35m\x1b[K~~~~~~~~~~~~~~~~~~~~~~~~~~~~~~~~~~~~~~~~~~~~~~~^~~~~\x1b[m\x1b[K\n'}
[13.318102] (sllidar_ros2) StderrLine: {'line': b'\x1b[01m\x1b[K/home/nvidia/ros_rlr/src/sllidar_ros2/sdk/src/sl_lidar_driver.cpp:\x1b[m\x1b[K In member function \xe2\x80\x98\x1b[01m\x1b[Kvirtual sl_result sl::SlamtecLidarDriver::getMotorInfo(sl::LidarMotorInfo&, sl_u32)\x1b[m\x1b[K\xe2\x80\x99:\n'}
[13.318361] (sllidar_ros2) StderrLine: {'line': b'\x1b[01m\x1b[K/home/nvidia/ros_rlr/src/sllidar_ros2/sdk/src/sl_lidar_driver.cpp:1023:66:\x1b[m\x1b[K \x1b[01;35m\x1b[Kwarning: \x1b[m\x1b[Kunused parameter \xe2\x80\x98\x1b[01m\x1b[KtimeoutInMs\x1b[m\x1b[K\xe2\x80\x99 [\x1b[01;35m\x1b[K\x1b]8;;https://gcc.gnu.org/onlinedocs/gcc/Warning-Options.html#index-Wunused-parameter\x07-Wunused-parameter\x1b]8;;\x07\x1b[m\x1b[K]\n'}
[13.318472] (sllidar_ros2) StderrLine: {'line': b' 1023 |         sl_result getMotorInfo(LidarMotorInfo &motorInfo, \x1b[01;35m\x1b[Ksl_u32 timeoutInMs\x1b[m\x1b[K)\n'}
[13.318565] (sllidar_ros2) StderrLine: {'line': b'      |                                                           \x1b[01;35m\x1b[K~~~~~~~^~~~~~~~~~~\x1b[m\x1b[K\n'}
[13.324151] (sllidar_ros2) StderrLine: {'line': b'\x1b[01m\x1b[K/home/nvidia/ros_rlr/src/sllidar_ros2/sdk/src/sl_lidar_driver.cpp:\x1b[m\x1b[K In member function \xe2\x80\x98\x1b[01m\x1b[Ku_result sl::SlamtecLidarDriver::getScanModeCount(sl_u16&, sl_u32)\x1b[m\x1b[K\xe2\x80\x99:\n'}
[13.324433] (sllidar_ros2) StderrLine: {'line': b'\x1b[01m\x1b[K/home/nvidia/ros_rlr/src/sllidar_ros2/sdk/src/sl_lidar_driver.cpp:1199:61:\x1b[m\x1b[K \x1b[01;35m\x1b[Kwarning: \x1b[m\x1b[Kunused parameter \xe2\x80\x98\x1b[01m\x1b[KtimeoutInMs\x1b[m\x1b[K\xe2\x80\x99 [\x1b[01;35m\x1b[K\x1b]8;;https://gcc.gnu.org/onlinedocs/gcc/Warning-Options.html#index-Wunused-parameter\x07-Wunused-parameter\x1b]8;;\x07\x1b[m\x1b[K]\n'}
[13.324542] (sllidar_ros2) StderrLine: {'line': b' 1199 |         u_result getScanModeCount(sl_u16& modeCount, \x1b[01;35m\x1b[Ksl_u32 timeoutInMs = DEFAULT_TIMEOUT\x1b[m\x1b[K)\n'}
[13.324633] (sllidar_ros2) StderrLine: {'line': b'      |                                                      \x1b[01;35m\x1b[K~~~~~~~^~~~~~~~~~~~~~~~~~~~~~~~~~~~~\x1b[m\x1b[K\n'}
[13.332275] (-) TimerEvent: {}
[13.433144] (-) TimerEvent: {}
[13.474282] (sllidar_ros2) StderrLine: {'line': b'/home/nvidia/ros_rlr/src/sllidar_ros2/sdk/src/sl_lidar_driver.cpp: In instantiation of \xe2\x80\x98\x1b[01m\x1b[Kvoid sl::RawSampleNodeHolder<T>::pushNode(_u64, const T*) [with T = sl_lidar_response_measurement_node_hq_t; _u64 = long unsigned int]\x1b[m\x1b[K\xe2\x80\x99:\n'}
[13.474556] (sllidar_ros2) StderrLine: {'line': b'\x1b[01m\x1b[K/home/nvidia/ros_rlr/src/sllidar_ros2/sdk/src/sl_lidar_driver.cpp:1648:42:\x1b[m\x1b[K   required from here\n'}
[13.474659] (sllidar_ros2) StderrLine: {'line': b'\x1b[01m\x1b[K/home/nvidia/ros_rlr/src/sllidar_ros2/sdk/src/sl_lidar_driver.cpp:202:28:\x1b[m\x1b[K \x1b[01;35m\x1b[Kwarning: \x1b[m\x1b[Kunused parameter \xe2\x80\x98\x1b[01m\x1b[Ktimestamp_uS\x1b[m\x1b[K\xe2\x80\x99 [\x1b[01;35m\x1b[K\x1b]8;;https://gcc.gnu.org/onlinedocs/gcc/Warning-Options.html#index-Wunused-parameter\x07-Wunused-parameter\x1b]8;;\x07\x1b[m\x1b[K]\n'}
[13.474754] (sllidar_ros2) StderrLine: {'line': b'  202 |         void pushNode(\x1b[01;35m\x1b[K_u64 timestamp_uS\x1b[m\x1b[K, const T* node)\n'}
[13.474838] (sllidar_ros2) StderrLine: {'line': b'      |                       \x1b[01;35m\x1b[K~~~~~^~~~~~~~~~~~\x1b[m\x1b[K\n'}
[13.533275] (-) TimerEvent: {}
[13.638141] (-) TimerEvent: {}
[13.742138] (-) TimerEvent: {}
[13.824568] (sllidar_ros2) StderrLine: {'line': b'In file included from \x1b[01m\x1b[K/home/nvidia/ros_rlr/src/sllidar_ros2/./sdk/include/rplidar_protocol.h:36\x1b[m\x1b[K,\n'}
[13.824825] (sllidar_ros2) StderrLine: {'line': b'                 from \x1b[01m\x1b[K/home/nvidia/ros_rlr/src/sllidar_ros2/./sdk/include/rplidar.h:39\x1b[m\x1b[K,\n'}
[13.824931] (sllidar_ros2) StderrLine: {'line': b'                 from \x1b[01m\x1b[K/home/nvidia/ros_rlr/src/sllidar_ros2/sdk/src/sdkcommon.h:49\x1b[m\x1b[K,\n'}
[13.825044] (sllidar_ros2) StderrLine: {'line': b'                 from \x1b[01m\x1b[K/home/nvidia/ros_rlr/src/sllidar_ros2/sdk/src/sl_lidarprotocol_codec.cpp:35\x1b[m\x1b[K:\n'}
[13.825158] (sllidar_ros2) StderrLine: {'line': b'\x1b[01m\x1b[K/home/nvidia/ros_rlr/src/sllidar_ros2/./sdk/include/sl_lidar_protocol.h:66:16:\x1b[m\x1b[K \x1b[01;35m\x1b[Kwarning: \x1b[m\x1b[KISO C++ forbids zero-size array \xe2\x80\x98\x1b[01m\x1b[Kdata\x1b[m\x1b[K\xe2\x80\x99 [\x1b[01;35m\x1b[K\x1b]8;;https://gcc.gnu.org/onlinedocs/gcc/Warning-Options.html#index-Wpedantic\x07-Wpedantic\x1b]8;;\x07\x1b[m\x1b[K]\n'}
[13.825254] (sllidar_ros2) StderrLine: {'line': b'   66 |     sl_u8 data[\x1b[01;35m\x1b[K0\x1b[m\x1b[K];\n'}
[13.825333] (sllidar_ros2) StderrLine: {'line': b'      |                \x1b[01;35m\x1b[K^\x1b[m\x1b[K\n'}
[13.825501] (sllidar_ros2) StderrLine: {'line': b'In file included from \x1b[01m\x1b[K/home/nvidia/ros_rlr/src/sllidar_ros2/./sdk/include/rplidar_cmd.h:36\x1b[m\x1b[K,\n'}
[13.825600] (sllidar_ros2) StderrLine: {'line': b'                 from \x1b[01m\x1b[K/home/nvidia/ros_rlr/src/sllidar_ros2/./sdk/include/rplidar.h:40\x1b[m\x1b[K,\n'}
[13.825683] (sllidar_ros2) StderrLine: {'line': b'                 from \x1b[01m\x1b[K/home/nvidia/ros_rlr/src/sllidar_ros2/sdk/src/sdkcommon.h:49\x1b[m\x1b[K,\n'}
[13.825761] (sllidar_ros2) StderrLine: {'line': b'                 from \x1b[01m\x1b[K/home/nvidia/ros_rlr/src/sllidar_ros2/sdk/src/sl_lidarprotocol_codec.cpp:35\x1b[m\x1b[K:\n'}
[13.825839] (sllidar_ros2) StderrLine: {'line': b'\x1b[01m\x1b[K/home/nvidia/ros_rlr/src/sllidar_ros2/./sdk/include/sl_lidar_cmd.h:324:20:\x1b[m\x1b[K \x1b[01;35m\x1b[Kwarning: \x1b[m\x1b[KISO C++ forbids zero-size array \xe2\x80\x98\x1b[01m\x1b[Kpayload\x1b[m\x1b[K\xe2\x80\x99 [\x1b[01;35m\x1b[K\x1b]8;;https://gcc.gnu.org/onlinedocs/gcc/Warning-Options.html#index-Wpedantic\x07-Wpedantic\x1b]8;;\x07\x1b[m\x1b[K]\n'}
[13.825924] (sllidar_ros2) StderrLine: {'line': b'  324 |     sl_u8  payload[\x1b[01;35m\x1b[K0\x1b[m\x1b[K];\n'}
[13.826009] (sllidar_ros2) StderrLine: {'line': b'      |                    \x1b[01;35m\x1b[K^\x1b[m\x1b[K\n'}
[13.845135] (-) TimerEvent: {}
[13.939235] (sllidar_ros2) StderrLine: {'line': b'\x1b[01m\x1b[K/home/nvidia/ros_rlr/src/sllidar_ros2/sdk/src/sl_lidar_driver.cpp:\x1b[m\x1b[K At global scope:\n'}
[13.940008] (sllidar_ros2) StderrLine: {'line': b'\x1b[01m\x1b[K/home/nvidia/ros_rlr/src/sllidar_ros2/sdk/src/sl_lidar_driver.cpp:83:17:\x1b[m\x1b[K \x1b[01;35m\x1b[Kwarning: \x1b[m\x1b[K\xe2\x80\x98\x1b[01m\x1b[Kvoid sl::convert(const sl_lidar_response_measurement_node_hq_t&, sl_lidar_response_measurement_node_t&)\x1b[m\x1b[K\xe2\x80\x99 defined but not used [\x1b[01;35m\x1b[K\x1b]8;;https://gcc.gnu.org/onlinedocs/gcc/Warning-Options.html#index-Wunused-function\x07-Wunused-function\x1b]8;;\x07\x1b[m\x1b[K]\n'}
[13.940204] (sllidar_ros2) StderrLine: {'line': b'   83 |     static void \x1b[01;35m\x1b[Kconvert\x1b[m\x1b[K(const sl_lidar_response_measurement_node_hq_t& from, sl_lidar_response_measurement_node_t& to)\n'}
[13.940323] (sllidar_ros2) StderrLine: {'line': b'      |                 \x1b[01;35m\x1b[K^~~~~~~\x1b[m\x1b[K\n'}
[13.940423] (sllidar_ros2) StderrLine: {'line': b'\x1b[01m\x1b[K/home/nvidia/ros_rlr/src/sllidar_ros2/sdk/src/sl_lidar_driver.cpp:75:17:\x1b[m\x1b[K \x1b[01;35m\x1b[Kwarning: \x1b[m\x1b[K\xe2\x80\x98\x1b[01m\x1b[Kvoid sl::convert(const sl_lidar_response_measurement_node_t&, sl_lidar_response_measurement_node_hq_t&)\x1b[m\x1b[K\xe2\x80\x99 defined but not used [\x1b[01;35m\x1b[K\x1b]8;;https://gcc.gnu.org/onlinedocs/gcc/Warning-Options.html#index-Wunused-function\x07-Wunused-function\x1b]8;;\x07\x1b[m\x1b[K]\n'}
[13.940550] (sllidar_ros2) StderrLine: {'line': b'   75 |     static void \x1b[01;35m\x1b[Kconvert\x1b[m\x1b[K(const sl_lidar_response_measurement_node_t& from, sl_lidar_response_measurement_node_hq_t& to)\n'}
[13.940645] (sllidar_ros2) StderrLine: {'line': b'      |                 \x1b[01;35m\x1b[K^~~~~~~\x1b[m\x1b[K\n'}
[13.940726] (sllidar_ros2) StderrLine: {'line': b'\x1b[01m\x1b[K/home/nvidia/ros_rlr/src/sllidar_ros2/sdk/src/sl_lidar_driver.cpp:70:17:\x1b[m\x1b[K \x1b[01;35m\x1b[Kwarning: \x1b[m\x1b[K\xe2\x80\x98\x1b[01m\x1b[Kvoid sl::printDeprecationWarn(const char*, const char*)\x1b[m\x1b[K\xe2\x80\x99 defined but not used [\x1b[01;35m\x1b[K\x1b]8;;https://gcc.gnu.org/onlinedocs/gcc/Warning-Options.html#index-Wunused-function\x07-Wunused-function\x1b]8;;\x07\x1b[m\x1b[K]\n'}
[13.940814] (sllidar_ros2) StderrLine: {'line': b'   70 |     static void \x1b[01;35m\x1b[KprintDeprecationWarn\x1b[m\x1b[K(const char* fn, const char* replacement)\n'}
[13.940895] (sllidar_ros2) StderrLine: {'line': b'      |                 \x1b[01;35m\x1b[K^~~~~~~~~~~~~~~~~~~~\x1b[m\x1b[K\n'}
[13.949152] (-) TimerEvent: {}
[14.049680] (-) TimerEvent: {}
[14.150224] (-) TimerEvent: {}
[14.250731] (-) TimerEvent: {}
[14.289532] (sllidar_ros2) StderrLine: {'line': b'In file included from \x1b[01m\x1b[K/home/nvidia/ros_rlr/src/sllidar_ros2/sdk/src/sl_lidarprotocol_codec.cpp:49\x1b[m\x1b[K:\n'}
[14.290321] (sllidar_ros2) StderrLine: {'line': b'\x1b[01m\x1b[K/home/nvidia/ros_rlr/src/sllidar_ros2/sdk/src/sl_async_transceiver.h:\x1b[m\x1b[K In member function \xe2\x80\x98\x1b[01m\x1b[Kvirtual void sl::internal::IAsyncProtocolCodec::onChannelError(u_result)\x1b[m\x1b[K\xe2\x80\x99:\n'}
[14.290884] (sllidar_ros2) StderrLine: {'line': b'\x1b[01m\x1b[K/home/nvidia/ros_rlr/src/sllidar_ros2/sdk/src/sl_async_transceiver.h:90:48:\x1b[m\x1b[K \x1b[01;35m\x1b[Kwarning: \x1b[m\x1b[Kunused parameter \xe2\x80\x98\x1b[01m\x1b[KerrCode\x1b[m\x1b[K\xe2\x80\x99 [\x1b[01;35m\x1b[K\x1b]8;;https://gcc.gnu.org/onlinedocs/gcc/Warning-Options.html#index-Wunused-parameter\x07-Wunused-parameter\x1b]8;;\x07\x1b[m\x1b[K]\n'}
[14.291434] (sllidar_ros2) StderrLine: {'line': b'   90 |         virtual void   onChannelError(\x1b[01;35m\x1b[Ku_result errCode\x1b[m\x1b[K) {}\n'}
[14.291939] (sllidar_ros2) StderrLine: {'line': b'      |                                       \x1b[01;35m\x1b[K~~~~~~~~~^~~~~~~\x1b[m\x1b[K\n'}
[14.350855] (-) TimerEvent: {}
[14.453246] (-) TimerEvent: {}
[14.501013] (sllidar_ros2) StdoutLine: {'line': b'[ 80%] \x1b[32mBuilding CXX object CMakeFiles/sllidar_node.dir/sdk/src/sl_serial_channel.cpp.o\x1b[0m\n'}
[14.553371] (-) TimerEvent: {}
[14.654305] (-) TimerEvent: {}
[14.754798] (-) TimerEvent: {}
[14.859142] (-) TimerEvent: {}
[14.959650] (-) TimerEvent: {}
[15.021573] (sllidar_ros2) StdoutLine: {'line': b'[ 85%] \x1b[32mBuilding CXX object CMakeFiles/sllidar_node.dir/sdk/src/sl_tcp_channel.cpp.o\x1b[0m\n'}
[15.059770] (-) TimerEvent: {}
[15.084918] (sllidar_ros2) StderrLine: {'line': b'In file included from \x1b[01m\x1b[K/home/nvidia/ros_rlr/src/sllidar_ros2/./sdk/include/sl_lidar_cmd.h:41\x1b[m\x1b[K,\n'}
[15.085886] (sllidar_ros2) StderrLine: {'line': b'                 from \x1b[01m\x1b[K/home/nvidia/ros_rlr/src/sllidar_ros2/./sdk/include/sl_lidar_driver.h:54\x1b[m\x1b[K,\n'}
[15.086010] (sllidar_ros2) StderrLine: {'line': b'                 from \x1b[01m\x1b[K/home/nvidia/ros_rlr/src/sllidar_ros2/sdk/src/sl_serial_channel.cpp:33\x1b[m\x1b[K:\n'}
[15.086130] (sllidar_ros2) StderrLine: {'line': b'\x1b[01m\x1b[K/home/nvidia/ros_rlr/src/sllidar_ros2/./sdk/include/sl_lidar_protocol.h:66:16:\x1b[m\x1b[K \x1b[01;35m\x1b[Kwarning: \x1b[m\x1b[KISO C++ forbids zero-size array \xe2\x80\x98\x1b[01m\x1b[Kdata\x1b[m\x1b[K\xe2\x80\x99 [\x1b[01;35m\x1b[K\x1b]8;;https://gcc.gnu.org/onlinedocs/gcc/Warning-Options.html#index-Wpedantic\x07-Wpedantic\x1b]8;;\x07\x1b[m\x1b[K]\n'}
[15.086231] (sllidar_ros2) StderrLine: {'line': b'   66 |     sl_u8 data[\x1b[01;35m\x1b[K0\x1b[m\x1b[K];\n'}
[15.086334] (sllidar_ros2) StderrLine: {'line': b'      |                \x1b[01;35m\x1b[K^\x1b[m\x1b[K\n'}
[15.088872] (sllidar_ros2) StderrLine: {'line': b'In file included from \x1b[01m\x1b[K/home/nvidia/ros_rlr/src/sllidar_ros2/./sdk/include/sl_lidar_driver.h:54\x1b[m\x1b[K,\n'}
[15.089131] (sllidar_ros2) StderrLine: {'line': b'                 from \x1b[01m\x1b[K/home/nvidia/ros_rlr/src/sllidar_ros2/sdk/src/sl_serial_channel.cpp:33\x1b[m\x1b[K:\n'}
[15.089236] (sllidar_ros2) StderrLine: {'line': b'\x1b[01m\x1b[K/home/nvidia/ros_rlr/src/sllidar_ros2/./sdk/include/sl_lidar_cmd.h:324:20:\x1b[m\x1b[K \x1b[01;35m\x1b[Kwarning: \x1b[m\x1b[KISO C++ forbids zero-size array \xe2\x80\x98\x1b[01m\x1b[Kpayload\x1b[m\x1b[K\xe2\x80\x99 [\x1b[01;35m\x1b[K\x1b]8;;https://gcc.gnu.org/onlinedocs/gcc/Warning-Options.html#index-Wpedantic\x07-Wpedantic\x1b]8;;\x07\x1b[m\x1b[K]\n'}
[15.089334] (sllidar_ros2) StderrLine: {'line': b'  324 |     sl_u8  payload[\x1b[01;35m\x1b[K0\x1b[m\x1b[K];\n'}
[15.089418] (sllidar_ros2) StderrLine: {'line': b'      |                    \x1b[01;35m\x1b[K^\x1b[m\x1b[K\n'}
[15.160691] (-) TimerEvent: {}
[15.261453] (-) TimerEvent: {}
[15.288961] (sllidar_ros2) StdoutLine: {'line': b'[ 90%] \x1b[32mBuilding CXX object CMakeFiles/sllidar_node.dir/sdk/src/sl_udp_channel.cpp.o\x1b[0m\n'}
[15.361579] (-) TimerEvent: {}
[15.464023] (-) TimerEvent: {}
[15.564962] (-) TimerEvent: {}
[15.643264] (sllidar_ros2) StderrLine: {'line': b'In file included from \x1b[01m\x1b[K/home/nvidia/ros_rlr/src/sllidar_ros2/./sdk/include/sl_lidar_cmd.h:41\x1b[m\x1b[K,\n'}
[15.644025] (sllidar_ros2) StderrLine: {'line': b'                 from \x1b[01m\x1b[K/home/nvidia/ros_rlr/src/sllidar_ros2/./sdk/include/sl_lidar_driver.h:54\x1b[m\x1b[K,\n'}
[15.644619] (sllidar_ros2) StderrLine: {'line': b'                 from \x1b[01m\x1b[K/home/nvidia/ros_rlr/src/sllidar_ros2/sdk/src/sl_tcp_channel.cpp:33\x1b[m\x1b[K:\n'}
[15.645147] (sllidar_ros2) StderrLine: {'line': b'\x1b[01m\x1b[K/home/nvidia/ros_rlr/src/sllidar_ros2/./sdk/include/sl_lidar_protocol.h:66:16:\x1b[m\x1b[K \x1b[01;35m\x1b[Kwarning: \x1b[m\x1b[KISO C++ forbids zero-size array \xe2\x80\x98\x1b[01m\x1b[Kdata\x1b[m\x1b[K\xe2\x80\x99 [\x1b[01;35m\x1b[K\x1b]8;;https://gcc.gnu.org/onlinedocs/gcc/Warning-Options.html#index-Wpedantic\x07-Wpedantic\x1b]8;;\x07\x1b[m\x1b[K]\n'}
[15.645579] (sllidar_ros2) StderrLine: {'line': b'   66 |     sl_u8 data[\x1b[01;35m\x1b[K0\x1b[m\x1b[K];\n'}
[15.645689] (sllidar_ros2) StderrLine: {'line': b'      |                \x1b[01;35m\x1b[K^\x1b[m\x1b[K\n'}
[15.645776] (sllidar_ros2) StderrLine: {'line': b'In file included from \x1b[01m\x1b[K/home/nvidia/ros_rlr/src/sllidar_ros2/./sdk/include/sl_lidar_driver.h:54\x1b[m\x1b[K,\n'}
[15.645859] (sllidar_ros2) StderrLine: {'line': b'                 from \x1b[01m\x1b[K/home/nvidia/ros_rlr/src/sllidar_ros2/sdk/src/sl_tcp_channel.cpp:33\x1b[m\x1b[K:\n'}
[15.645939] (sllidar_ros2) StderrLine: {'line': b'\x1b[01m\x1b[K/home/nvidia/ros_rlr/src/sllidar_ros2/./sdk/include/sl_lidar_cmd.h:324:20:\x1b[m\x1b[K \x1b[01;35m\x1b[Kwarning: \x1b[m\x1b[KISO C++ forbids zero-size array \xe2\x80\x98\x1b[01m\x1b[Kpayload\x1b[m\x1b[K\xe2\x80\x99 [\x1b[01;35m\x1b[K\x1b]8;;https://gcc.gnu.org/onlinedocs/gcc/Warning-Options.html#index-Wpedantic\x07-Wpedantic\x1b]8;;\x07\x1b[m\x1b[K]\n'}
[15.646021] (sllidar_ros2) StderrLine: {'line': b'  324 |     sl_u8  payload[\x1b[01;35m\x1b[K0\x1b[m\x1b[K];\n'}
[15.650973] (sllidar_ros2) StderrLine: {'line': b'      |                    \x1b[01;35m\x1b[K^\x1b[m\x1b[K\n'}
[15.651748] (sllidar_ros2) StderrLine: {'line': b'\x1b[01m\x1b[K/home/nvidia/ros_rlr/src/sllidar_ros2/sdk/src/sl_tcp_channel.cpp:\x1b[m\x1b[K In member function \xe2\x80\x98\x1b[01m\x1b[Kvoid sl::TcpChannel::setStatus(_u32)\x1b[m\x1b[K\xe2\x80\x99:\n'}
[15.652388] (sllidar_ros2) StderrLine: {'line': b'\x1b[01m\x1b[K/home/nvidia/ros_rlr/src/sllidar_ros2/sdk/src/sl_tcp_channel.cpp:109:29:\x1b[m\x1b[K \x1b[01;35m\x1b[Kwarning: \x1b[m\x1b[Kunused parameter \xe2\x80\x98\x1b[01m\x1b[Kflag\x1b[m\x1b[K\xe2\x80\x99 [\x1b[01;35m\x1b[K\x1b]8;;https://gcc.gnu.org/onlinedocs/gcc/Warning-Options.html#index-Wunused-parameter\x07-Wunused-parameter\x1b]8;;\x07\x1b[m\x1b[K]\n'}
[15.652963] (sllidar_ros2) StderrLine: {'line': b'  109 |         void setStatus(\x1b[01;35m\x1b[K_u32 flag\x1b[m\x1b[K){}\n'}
[15.653495] (sllidar_ros2) StderrLine: {'line': b'      |                        \x1b[01;35m\x1b[K~~~~~^~~~\x1b[m\x1b[K\n'}
[15.665480] (-) TimerEvent: {}
[15.766011] (-) TimerEvent: {}
[15.866555] (-) TimerEvent: {}
[15.967138] (-) TimerEvent: {}
[16.041793] (sllidar_ros2) StderrLine: {'line': b'In file included from \x1b[01m\x1b[K/home/nvidia/ros_rlr/src/sllidar_ros2/./sdk/include/sl_lidar_cmd.h:41\x1b[m\x1b[K,\n'}
[16.042891] (sllidar_ros2) StderrLine: {'line': b'                 from \x1b[01m\x1b[K/home/nvidia/ros_rlr/src/sllidar_ros2/./sdk/include/sl_lidar_driver.h:54\x1b[m\x1b[K,\n'}
[16.043543] (sllidar_ros2) StderrLine: {'line': b'                 from \x1b[01m\x1b[K/home/nvidia/ros_rlr/src/sllidar_ros2/sdk/src/sl_udp_channel.cpp:33\x1b[m\x1b[K:\n'}
[16.043913] (sllidar_ros2) StderrLine: {'line': b'\x1b[01m\x1b[K/home/nvidia/ros_rlr/src/sllidar_ros2/./sdk/include/sl_lidar_protocol.h:66:16:\x1b[m\x1b[K \x1b[01;35m\x1b[Kwarning: \x1b[m\x1b[KISO C++ forbids zero-size array \xe2\x80\x98\x1b[01m\x1b[Kdata\x1b[m\x1b[K\xe2\x80\x99 [\x1b[01;35m\x1b[K\x1b]8;;https://gcc.gnu.org/onlinedocs/gcc/Warning-Options.html#index-Wpedantic\x07-Wpedantic\x1b]8;;\x07\x1b[m\x1b[K]\n'}
[16.044030] (sllidar_ros2) StderrLine: {'line': b'   66 |     sl_u8 data[\x1b[01;35m\x1b[K0\x1b[m\x1b[K];\n'}
[16.044145] (sllidar_ros2) StderrLine: {'line': b'      |                \x1b[01;35m\x1b[K^\x1b[m\x1b[K\n'}
[16.044237] (sllidar_ros2) StderrLine: {'line': b'In file included from \x1b[01m\x1b[K/home/nvidia/ros_rlr/src/sllidar_ros2/./sdk/include/sl_lidar_driver.h:54\x1b[m\x1b[K,\n'}
[16.044327] (sllidar_ros2) StderrLine: {'line': b'                 from \x1b[01m\x1b[K/home/nvidia/ros_rlr/src/sllidar_ros2/sdk/src/sl_udp_channel.cpp:33\x1b[m\x1b[K:\n'}
[16.044411] (sllidar_ros2) StderrLine: {'line': b'\x1b[01m\x1b[K/home/nvidia/ros_rlr/src/sllidar_ros2/./sdk/include/sl_lidar_cmd.h:324:20:\x1b[m\x1b[K \x1b[01;35m\x1b[Kwarning: \x1b[m\x1b[KISO C++ forbids zero-size array \xe2\x80\x98\x1b[01m\x1b[Kpayload\x1b[m\x1b[K\xe2\x80\x99 [\x1b[01;35m\x1b[K\x1b]8;;https://gcc.gnu.org/onlinedocs/gcc/Warning-Options.html#index-Wpedantic\x07-Wpedantic\x1b]8;;\x07\x1b[m\x1b[K]\n'}
[16.044499] (sllidar_ros2) StderrLine: {'line': b'  324 |     sl_u8  payload[\x1b[01;35m\x1b[K0\x1b[m\x1b[K];\n'}
[16.044582] (sllidar_ros2) StderrLine: {'line': b'      |                    \x1b[01;35m\x1b[K^\x1b[m\x1b[K\n'}
[16.057912] (sllidar_ros2) StderrLine: {'line': b'\x1b[01m\x1b[K/home/nvidia/ros_rlr/src/sllidar_ros2/sdk/src/sl_udp_channel.cpp:\x1b[m\x1b[K In member function \xe2\x80\x98\x1b[01m\x1b[Kvoid sl::UdpChannel::setStatus(_u32)\x1b[m\x1b[K\xe2\x80\x99:\n'}
[16.058171] (sllidar_ros2) StderrLine: {'line': b'\x1b[01m\x1b[K/home/nvidia/ros_rlr/src/sllidar_ros2/sdk/src/sl_udp_channel.cpp:112:29:\x1b[m\x1b[K \x1b[01;35m\x1b[Kwarning: \x1b[m\x1b[Kunused parameter \xe2\x80\x98\x1b[01m\x1b[Kflag\x1b[m\x1b[K\xe2\x80\x99 [\x1b[01;35m\x1b[K\x1b]8;;https://gcc.gnu.org/onlinedocs/gcc/Warning-Options.html#index-Wunused-parameter\x07-Wunused-parameter\x1b]8;;\x07\x1b[m\x1b[K]\n'}
[16.058286] (sllidar_ros2) StderrLine: {'line': b'  112 |         void setStatus(\x1b[01;35m\x1b[K_u32 flag\x1b[m\x1b[K){}\n'}
[16.058381] (sllidar_ros2) StderrLine: {'line': b'      |                        \x1b[01;35m\x1b[K~~~~~^~~~\x1b[m\x1b[K\n'}
[16.068154] (-) TimerEvent: {}
[16.168965] (-) TimerEvent: {}
[16.269364] (-) TimerEvent: {}
[16.371155] (-) TimerEvent: {}
[16.471815] (-) TimerEvent: {}
[16.572605] (-) TimerEvent: {}
[16.673313] (-) TimerEvent: {}
[16.776668] (-) TimerEvent: {}
[16.887143] (-) TimerEvent: {}
[16.990149] (-) TimerEvent: {}
[17.090534] (-) TimerEvent: {}
[17.190900] (-) TimerEvent: {}
[17.210554] (sllidar_ros2) StdoutLine: {'line': b'[ 95%] \x1b[32m\x1b[1mLinking CXX executable sllidar_node\x1b[0m\n'}
[17.291023] (-) TimerEvent: {}
[17.394629] (-) TimerEvent: {}
[17.495039] (-) TimerEvent: {}
[17.595430] (-) TimerEvent: {}
[17.695854] (-) TimerEvent: {}
[17.796256] (-) TimerEvent: {}
[17.897160] (-) TimerEvent: {}
[17.954895] (sllidar_ros2) StdoutLine: {'line': b'[ 95%] Built target sllidar_node\n'}
[18.000136] (-) TimerEvent: {}
[18.100687] (-) TimerEvent: {}
[18.201229] (-) TimerEvent: {}
[18.301620] (-) TimerEvent: {}
[18.402004] (-) TimerEvent: {}
[18.502384] (-) TimerEvent: {}
[18.536985] (rplidar_ros) StdoutLine: {'line': b'[ 77%] \x1b[32m\x1b[1mLinking CXX shared library librplidar_composition_node.so\x1b[0m\n'}
[18.602512] (-) TimerEvent: {}
[18.704438] (-) TimerEvent: {}
[18.804860] (-) TimerEvent: {}
[18.905307] (-) TimerEvent: {}
[19.006278] (-) TimerEvent: {}
[19.027198] (rplidar_ros) StdoutLine: {'line': b'[ 77%] Built target rplidar_composition_node\n'}
[19.051523] (rplidar_ros) StdoutLine: {'line': b'[ 88%] \x1b[32mBuilding CXX object CMakeFiles/rplidar_composition.dir/src/standalone_rplidar.cpp.o\x1b[0m\n'}
[19.107135] (-) TimerEvent: {}
[19.209320] (-) TimerEvent: {}
[19.309913] (-) TimerEvent: {}
[19.345140] (rplidar_ros) StderrLine: {'line': b'In file included from \x1b[01m\x1b[K/home/nvidia/ros_rlr/src/rplidar_ros2/src/standalone_rplidar.cpp:16\x1b[m\x1b[K:\n'}
[19.345415] (rplidar_ros) StderrLine: {'line': b'\x1b[01m\x1b[K/home/nvidia/ros_rlr/src/rplidar_ros2/include/rplidar_node.hpp:50:\x1b[m\x1b[K \x1b[01;35m\x1b[Kwarning: \x1b[m\x1b[K"M_PI" redefined\n'}
[19.345537] (rplidar_ros) StderrLine: {'line': b'   50 | #define M_PI 3.1415926535897932384626433832795\n'}
[19.345646] (rplidar_ros) StderrLine: {'line': b'      | \n'}
[19.345744] (rplidar_ros) StderrLine: {'line': b'In file included from \x1b[01m\x1b[K/usr/include/c++/11/cmath:45\x1b[m\x1b[K,\n'}
[19.345837] (rplidar_ros) StderrLine: {'line': b'                 from \x1b[01m\x1b[K/opt/ros/humble/include/libstatistics_collector/libstatistics_collector/moving_average_statistics/types.hpp:18\x1b[m\x1b[K,\n'}
[19.345934] (rplidar_ros) StderrLine: {'line': b'                 from \x1b[01m\x1b[K/opt/ros/humble/include/libstatistics_collector/libstatistics_collector/collector/generate_statistics_message.hpp:24\x1b[m\x1b[K,\n'}
[19.346029] (rplidar_ros) StderrLine: {'line': b'                 from \x1b[01m\x1b[K/opt/ros/humble/include/rclcpp/rclcpp/topic_statistics/subscription_topic_statistics.hpp:23\x1b[m\x1b[K,\n'}
[19.346147] (rplidar_ros) StderrLine: {'line': b'                 from \x1b[01m\x1b[K/opt/ros/humble/include/rclcpp/rclcpp/subscription.hpp:50\x1b[m\x1b[K,\n'}
[19.346245] (rplidar_ros) StderrLine: {'line': b'                 from \x1b[01m\x1b[K/opt/ros/humble/include/rclcpp/rclcpp/any_executable.hpp:25\x1b[m\x1b[K,\n'}
[19.346335] (rplidar_ros) StderrLine: {'line': b'                 from \x1b[01m\x1b[K/opt/ros/humble/include/rclcpp/rclcpp/memory_strategy.hpp:25\x1b[m\x1b[K,\n'}
[19.346421] (rplidar_ros) StderrLine: {'line': b'                 from \x1b[01m\x1b[K/opt/ros/humble/include/rclcpp/rclcpp/memory_strategies.hpp:18\x1b[m\x1b[K,\n'}
[19.346502] (rplidar_ros) StderrLine: {'line': b'                 from \x1b[01m\x1b[K/opt/ros/humble/include/rclcpp/rclcpp/executor_options.hpp:20\x1b[m\x1b[K,\n'}
[19.346595] (rplidar_ros) StderrLine: {'line': b'                 from \x1b[01m\x1b[K/opt/ros/humble/include/rclcpp/rclcpp/executor.hpp:37\x1b[m\x1b[K,\n'}
[19.346674] (rplidar_ros) StderrLine: {'line': b'                 from \x1b[01m\x1b[K/opt/ros/humble/include/rclcpp/rclcpp/executors/multi_threaded_executor.hpp:25\x1b[m\x1b[K,\n'}
[19.346751] (rplidar_ros) StderrLine: {'line': b'                 from \x1b[01m\x1b[K/opt/ros/humble/include/rclcpp/rclcpp/executors.hpp:21\x1b[m\x1b[K,\n'}
[19.346831] (rplidar_ros) StderrLine: {'line': b'                 from \x1b[01m\x1b[K/opt/ros/humble/include/rclcpp/rclcpp/rclcpp.hpp:155\x1b[m\x1b[K,\n'}
[19.346909] (rplidar_ros) StderrLine: {'line': b'                 from \x1b[01m\x1b[K/home/nvidia/ros_rlr/src/rplidar_ros2/include/rplidar_node.hpp:34\x1b[m\x1b[K,\n'}
[19.346997] (rplidar_ros) StderrLine: {'line': b'                 from \x1b[01m\x1b[K/home/nvidia/ros_rlr/src/rplidar_ros2/src/standalone_rplidar.cpp:16\x1b[m\x1b[K:\n'}
[19.347090] (rplidar_ros) StderrLine: {'line': b'\x1b[01m\x1b[K/usr/include/math.h:1151:\x1b[m\x1b[K \x1b[01;36m\x1b[Knote: \x1b[m\x1b[Kthis is the location of the previous definition\n'}
[19.347177] (rplidar_ros) StderrLine: {'line': b' 1151 | # define M_PI           3.14159265358979323846  /* pi */\n'}
[19.347254] (rplidar_ros) StderrLine: {'line': b'      | \n'}
[19.410145] (-) TimerEvent: {}
[19.511703] (-) TimerEvent: {}
[19.615711] (-) TimerEvent: {}
[19.718681] (-) TimerEvent: {}
[19.819626] (-) TimerEvent: {}
[19.920546] (-) TimerEvent: {}
[20.021092] (-) TimerEvent: {}
[20.121616] (-) TimerEvent: {}
[20.223278] (-) TimerEvent: {}
[20.323810] (-) TimerEvent: {}
[20.424336] (-) TimerEvent: {}
[20.526335] (-) TimerEvent: {}
[20.626737] (-) TimerEvent: {}
[20.727122] (-) TimerEvent: {}
[20.827573] (-) TimerEvent: {}
[20.929582] (-) TimerEvent: {}
[21.029973] (-) TimerEvent: {}
[21.130370] (-) TimerEvent: {}
[21.230763] (-) TimerEvent: {}
[21.331139] (-) TimerEvent: {}
[21.432470] (-) TimerEvent: {}
[21.534133] (-) TimerEvent: {}
[21.635360] (-) TimerEvent: {}
[21.735732] (-) TimerEvent: {}
[21.837389] (-) TimerEvent: {}
[21.937766] (-) TimerEvent: {}
[22.038134] (-) TimerEvent: {}
[22.139764] (-) TimerEvent: {}
[22.240143] (-) TimerEvent: {}
[22.340550] (-) TimerEvent: {}
[22.441092] (-) TimerEvent: {}
[22.542471] (-) TimerEvent: {}
[22.642968] (-) TimerEvent: {}
[22.744303] (-) TimerEvent: {}
[22.846144] (-) TimerEvent: {}
[22.946524] (-) TimerEvent: {}
[23.047550] (-) TimerEvent: {}
[23.147925] (-) TimerEvent: {}
[23.188550] (rplidar_ros) StderrLine: {'line': b'In file included from \x1b[01m\x1b[K/home/nvidia/ros_rlr/src/rplidar_ros2/./sdk/include/rplidar.h:39\x1b[m\x1b[K,\n'}
[23.188802] (rplidar_ros) StderrLine: {'line': b'                 from \x1b[01m\x1b[K/home/nvidia/ros_rlr/src/rplidar_ros2/include/rplidar_node.hpp:41\x1b[m\x1b[K,\n'}
[23.188912] (rplidar_ros) StderrLine: {'line': b'                 from \x1b[01m\x1b[K/home/nvidia/ros_rlr/src/rplidar_ros2/src/standalone_rplidar.cpp:16\x1b[m\x1b[K:\n'}
[23.189005] (rplidar_ros) StderrLine: {'line': b'\x1b[01m\x1b[K/home/nvidia/ros_rlr/src/rplidar_ros2/./sdk/include/rplidar_protocol.h:59:14:\x1b[m\x1b[K \x1b[01;35m\x1b[Kwarning: \x1b[m\x1b[KISO C++ forbids zero-size array \xe2\x80\x98\x1b[01m\x1b[Kdata\x1b[m\x1b[K\xe2\x80\x99 [\x1b[01;35m\x1b[K\x1b]8;;https://gcc.gnu.org/onlinedocs/gcc/Warning-Options.html#index-Wpedantic\x07-Wpedantic\x1b]8;;\x07\x1b[m\x1b[K]\n'}
[23.189136] (rplidar_ros) StderrLine: {'line': b'   59 |     _u8 data[\x1b[01;35m\x1b[K0\x1b[m\x1b[K];\n'}
[23.189225] (rplidar_ros) StderrLine: {'line': b'      |              \x1b[01;35m\x1b[K^\x1b[m\x1b[K\n'}
[23.192310] (rplidar_ros) StderrLine: {'line': b'In file included from \x1b[01m\x1b[K/home/nvidia/ros_rlr/src/rplidar_ros2/./sdk/include/rplidar.h:40\x1b[m\x1b[K,\n'}
[23.192524] (rplidar_ros) StderrLine: {'line': b'                 from \x1b[01m\x1b[K/home/nvidia/ros_rlr/src/rplidar_ros2/include/rplidar_node.hpp:41\x1b[m\x1b[K,\n'}
[23.192613] (rplidar_ros) StderrLine: {'line': b'                 from \x1b[01m\x1b[K/home/nvidia/ros_rlr/src/rplidar_ros2/src/standalone_rplidar.cpp:16\x1b[m\x1b[K:\n'}
[23.192693] (rplidar_ros) StderrLine: {'line': b'\x1b[01m\x1b[K/home/nvidia/ros_rlr/src/rplidar_ros2/./sdk/include/rplidar_cmd.h:260:18:\x1b[m\x1b[K \x1b[01;35m\x1b[Kwarning: \x1b[m\x1b[KISO C++ forbids zero-size array \xe2\x80\x98\x1b[01m\x1b[Kpayload\x1b[m\x1b[K\xe2\x80\x99 [\x1b[01;35m\x1b[K\x1b]8;;https://gcc.gnu.org/onlinedocs/gcc/Warning-Options.html#index-Wpedantic\x07-Wpedantic\x1b]8;;\x07\x1b[m\x1b[K]\n'}
[23.192792] (rplidar_ros) StderrLine: {'line': b'  260 |     _u8  payload[\x1b[01;35m\x1b[K0\x1b[m\x1b[K];\n'}
[23.192872] (rplidar_ros) StderrLine: {'line': b'      |                  \x1b[01;35m\x1b[K^\x1b[m\x1b[K\n'}
[23.248166] (-) TimerEvent: {}
[23.349069] (-) TimerEvent: {}
[23.452450] (-) TimerEvent: {}
[23.552851] (-) TimerEvent: {}
[23.593093] (sllidar_ros2) StdoutLine: {'line': b'[100%] \x1b[32m\x1b[1mLinking CXX executable sllidar_client\x1b[0m\n'}
[23.652989] (-) TimerEvent: {}
[23.753401] (-) TimerEvent: {}
[23.855173] (-) TimerEvent: {}
[23.955641] (-) TimerEvent: {}
[24.050982] (rplidar_ros) StderrLine: {'line': b'In file included from \x1b[01m\x1b[K/home/nvidia/ros_rlr/src/rplidar_ros2/src/standalone_rplidar.cpp:16\x1b[m\x1b[K:\n'}
[24.051251] (rplidar_ros) StderrLine: {'line': b'\x1b[01m\x1b[K/home/nvidia/ros_rlr/src/rplidar_ros2/include/rplidar_node.hpp:76:14:\x1b[m\x1b[K \x1b[01;35m\x1b[Kwarning: \x1b[m\x1b[K\xe2\x80\x98\x1b[01m\x1b[Kfloat rplidar_ros::getAngle(const rplidar_response_measurement_node_hq_t&)\x1b[m\x1b[K\xe2\x80\x99 defined but not used [\x1b[01;35m\x1b[K\x1b]8;;https://gcc.gnu.org/onlinedocs/gcc/Warning-Options.html#index-Wunused-function\x07-Wunused-function\x1b]8;;\x07\x1b[m\x1b[K]\n'}
[24.051370] (rplidar_ros) StderrLine: {'line': b'   76 | static float \x1b[01;35m\x1b[KgetAngle\x1b[m\x1b[K(const rplidar_response_measurement_node_hq_t & node)\n'}
[24.051463] (rplidar_ros) StderrLine: {'line': b'      |              \x1b[01;35m\x1b[K^~~~~~~~\x1b[m\x1b[K\n'}
[24.058140] (-) TimerEvent: {}
[24.158537] (-) TimerEvent: {}
[24.236026] (rplidar_ros) StdoutLine: {'line': b'[100%] \x1b[32m\x1b[1mLinking CXX executable rplidar_composition\x1b[0m\n'}
[24.258666] (-) TimerEvent: {}
[24.360104] (-) TimerEvent: {}
[24.367497] (sllidar_ros2) StdoutLine: {'line': b'[100%] Built target sllidar_client\n'}
[24.384181] (sllidar_ros2) CommandEnded: {'returncode': 0}
[24.460635] (-) TimerEvent: {}
[24.521116] (sllidar_ros2) JobProgress: {'identifier': 'sllidar_ros2', 'progress': 'install'}
[24.534613] (sllidar_ros2) Command: {'cmd': ['/usr/bin/cmake', '--install', '/home/nvidia/ros_rlr/build/sllidar_ros2'], 'cwd': '/home/nvidia/ros_rlr/build/sllidar_ros2', 'env': OrderedDict([('LESSOPEN', '| /usr/bin/lesspipe %s'), ('USER', 'nvidia'), ('SSH_AGENT_PID', '1509'), ('XDG_SESSION_TYPE', 'x11'), ('GIT_ASKPASS', '/usr/share/code/resources/app/extensions/git/dist/askpass.sh'), ('SHLVL', '2'), ('LD_LIBRARY_PATH', '/home/nvidia/ros_rlr/install/rplidar_ros/lib:/home/nvidia/ros_rlr/install/micro_ros_agent/lib:/home/nvidia/ros_rlr/install/micro_ros_msgs/lib:/opt/ros/humble/opt/rviz_ogre_vendor/lib:/opt/ros/humble/lib/x86_64-linux-gnu:/opt/ros/humble/lib'), ('HOME', '/home/nvidia'), ('CHROME_DESKTOP', 'code.desktop'), ('TERM_PROGRAM_VERSION', '1.95.1'), ('PANEL_GDK_CORE_DEVICE_EVENTS', '0'), ('ROS_PYTHON_VERSION', '3'), ('GTK_MODULES', 'gail:atk-bridge'), ('VSCODE_GIT_ASKPASS_MAIN', '/usr/share/code/resources/app/extensions/git/dist/askpass-main.js'), ('VSCODE_GIT_ASKPASS_NODE', '/usr/share/code/code'), ('XRDP_PULSE_SOURCE_SOCKET', 'xrdp_chansrv_audio_in_socket_10'), ('XRDP_PULSE_SINK_SOCKET', 'xrdp_chansrv_audio_out_socket_10'), ('DBUS_SESSION_BUS_ADDRESS', 'unix:path=/run/user/1000/bus'), ('COLORTERM', 'truecolor'), ('PULSE_SCRIPT', '/etc/xrdp/pulse/default.pa'), ('COLCON_PREFIX_PATH', '/home/nvidia/ros_rlr/install'), ('ROS_DISTRO', 'humble'), ('GTK_IM_MODULE', 'ibus'), ('LOGNAME', 'nvidia'), ('_', '/usr/bin/colcon'), ('ROS_VERSION', '2'), ('XDG_SESSION_CLASS', 'user'), ('TERM', 'xterm-256color'), ('XDG_SESSION_ID', 'c3'), ('ROS_LOCALHOST_ONLY', '0'), ('PATH', '/opt/ros/humble/bin:/usr/local/sbin:/usr/local/bin:/usr/sbin:/usr/bin:/sbin:/bin:/usr/games:/usr/local/games:/snap/bin:/home/nvidia/.platformio/penv/bin:/home/nvidia/.platformio/penv/bin:/home/nvidia/.platformio/penv/bin:/home/nvidia/.platformio/penv/bin'), ('SESSION_MANAGER', 'local/IR:@/tmp/.ICE-unix/1527,unix/IR:/tmp/.ICE-unix/1527'), ('XRDP_SOCKET_PATH', '/run/xrdp/sockdir'), ('XDG_RUNTIME_DIR', '/run/user/1000'), ('GDK_BACKEND', 'x11'), ('DISPLAY', ':10.0'), ('LANG', 'en_US.UTF-8'), ('XMODIFIERS', '@im=ibus'), ('LS_COLORS', 'rs=0:di=01;34:ln=01;36:mh=00:pi=40;33:so=01;35:do=01;35:bd=40;33;01:cd=40;33;01:or=40;31;01:mi=00:su=37;41:sg=30;43:ca=30;41:tw=30;42:ow=34;42:st=37;44:ex=01;32:*.tar=01;31:*.tgz=01;31:*.arc=01;31:*.arj=01;31:*.taz=01;31:*.lha=01;31:*.lz4=01;31:*.lzh=01;31:*.lzma=01;31:*.tlz=01;31:*.txz=01;31:*.tzo=01;31:*.t7z=01;31:*.zip=01;31:*.z=01;31:*.dz=01;31:*.gz=01;31:*.lrz=01;31:*.lz=01;31:*.lzo=01;31:*.xz=01;31:*.zst=01;31:*.tzst=01;31:*.bz2=01;31:*.bz=01;31:*.tbz=01;31:*.tbz2=01;31:*.tz=01;31:*.deb=01;31:*.rpm=01;31:*.jar=01;31:*.war=01;31:*.ear=01;31:*.sar=01;31:*.rar=01;31:*.alz=01;31:*.ace=01;31:*.zoo=01;31:*.cpio=01;31:*.7z=01;31:*.rz=01;31:*.cab=01;31:*.wim=01;31:*.swm=01;31:*.dwm=01;31:*.esd=01;31:*.jpg=01;35:*.jpeg=01;35:*.mjpg=01;35:*.mjpeg=01;35:*.gif=01;35:*.bmp=01;35:*.pbm=01;35:*.pgm=01;35:*.ppm=01;35:*.tga=01;35:*.xbm=01;35:*.xpm=01;35:*.tif=01;35:*.tiff=01;35:*.png=01;35:*.svg=01;35:*.svgz=01;35:*.mng=01;35:*.pcx=01;35:*.mov=01;35:*.mpg=01;35:*.mpeg=01;35:*.m2v=01;35:*.mkv=01;35:*.webm=01;35:*.webp=01;35:*.ogm=01;35:*.mp4=01;35:*.m4v=01;35:*.mp4v=01;35:*.vob=01;35:*.qt=01;35:*.nuv=01;35:*.wmv=01;35:*.asf=01;35:*.rm=01;35:*.rmvb=01;35:*.flc=01;35:*.avi=01;35:*.fli=01;35:*.flv=01;35:*.gl=01;35:*.dl=01;35:*.xcf=01;35:*.xwd=01;35:*.yuv=01;35:*.cgm=01;35:*.emf=01;35:*.ogv=01;35:*.ogx=01;35:*.aac=00;36:*.au=00;36:*.flac=00;36:*.m4a=00;36:*.mid=00;36:*.midi=00;36:*.mka=00;36:*.mp3=00;36:*.mpc=00;36:*.ogg=00;36:*.ra=00;36:*.wav=00;36:*.oga=00;36:*.opus=00;36:*.spx=00;36:*.xspf=00;36:'), ('VSCODE_GIT_IPC_HANDLE', '/run/user/1000/vscode-git-a1e06648de.sock'), ('TERM_PROGRAM', 'vscode'), ('SSH_AUTH_SOCK', '/tmp/ssh-XXXXXXYlVsRw/agent.1370'), ('AMENT_PREFIX_PATH', '/home/nvidia/ros_rlr/install/cube_localizer:/home/nvidia/ros_rlr/install/sllidar_ros2:/home/nvidia/ros_rlr/install/rplidar_ros:/home/nvidia/ros_rlr/install/micro_ros_setup:/home/nvidia/ros_rlr/install/micro_ros_agent:/home/nvidia/ros_rlr/install/micro_ros_msgs:/opt/ros/humble'), ('ORIGINAL_XDG_CURRENT_DESKTOP', 'undefined'), ('UID', '1000'), ('SHELL', '/bin/bash'), ('QT_ACCESSIBILITY', '1'), ('LESSCLOSE', '/usr/bin/lesspipe %s %s'), ('XRDP_SESSION', '1'), ('VSCODE_GIT_ASKPASS_EXTRA_ARGS', ''), ('QT_IM_MODULE', 'ibus'), ('PWD', '/home/nvidia/ros_rlr/build/sllidar_ros2'), ('LC_ALL', 'en_US.UTF-8'), ('CLUTTER_IM_MODULE', 'ibus'), ('XDG_DATA_DIRS', '/usr/share/gnome:/usr/local/share:/usr/share:/var/lib/snapd/desktop'), ('PYTHONPATH', '/home/nvidia/ros_rlr/install/cube_localizer/lib/python3.10/site-packages:/home/nvidia/ros_rlr/install/micro_ros_msgs/local/lib/python3.10/dist-packages:/opt/ros/humble/lib/python3.10/site-packages:/opt/ros/humble/local/lib/python3.10/dist-packages'), ('COLCON', '1'), ('CMAKE_PREFIX_PATH', '/home/nvidia/ros_rlr/install/sllidar_ros2:/home/nvidia/ros_rlr/install/rplidar_ros:/home/nvidia/ros_rlr/install/micro_ros_setup:/home/nvidia/ros_rlr/install/micro_ros_agent:/home/nvidia/ros_rlr/install/micro_ros_msgs:/home/nvidia/ros_rlr/install/cube_localizer:/opt/ros/humble')]), 'shell': False}
[24.536450] (rplidar_ros) StdoutLine: {'line': b'[100%] Built target rplidar_composition\n'}
[24.550993] (sllidar_ros2) StdoutLine: {'line': b'-- Install configuration: ""\n'}
[24.551315] (sllidar_ros2) StdoutLine: {'line': b'-- Installing: /home/nvidia/ros_rlr/install/sllidar_ros2/share/sllidar_ros2/launch\n'}
[24.551490] (sllidar_ros2) StdoutLine: {'line': b'-- Installing: /home/nvidia/ros_rlr/install/sllidar_ros2/share/sllidar_ros2/launch/sllidar_s2e_launch.py\n'}
[24.551678] (sllidar_ros2) StdoutLine: {'line': b'-- Installing: /home/nvidia/ros_rlr/install/sllidar_ros2/share/sllidar_ros2/launch/sllidar_t1_launch.py\n'}
[24.551822] (sllidar_ros2) StdoutLine: {'line': b'-- Installing: /home/nvidia/ros_rlr/install/sllidar_ros2/share/sllidar_ros2/launch/view_sllidar_s2_launch.py\n'}
[24.551968] (sllidar_ros2) StdoutLine: {'line': b'-- Installing: /home/nvidia/ros_rlr/install/sllidar_ros2/share/sllidar_ros2/launch/sllidar_a1_launch.py\n'}
[24.552063] (sllidar_ros2) StdoutLine: {'line': b'-- Installing: /home/nvidia/ros_rlr/install/sllidar_ros2/share/sllidar_ros2/launch/sllidar_s1_tcp_launch.py\n'}
[24.552152] (sllidar_ros2) StdoutLine: {'line': b'-- Installing: /home/nvidia/ros_rlr/install/sllidar_ros2/share/sllidar_ros2/launch/view_sllidar_s2e_launch.py\n'}
[24.552227] (sllidar_ros2) StdoutLine: {'line': b'-- Installing: /home/nvidia/ros_rlr/install/sllidar_ros2/share/sllidar_ros2/launch/view_sllidar_a2m7_launch.py\n'}
[24.553413] (sllidar_ros2) StdoutLine: {'line': b'-- Installing: /home/nvidia/ros_rlr/install/sllidar_ros2/share/sllidar_ros2/launch/view_sllidar_s1_launch.py\n'}
[24.553718] (sllidar_ros2) StdoutLine: {'line': b'-- Installing: /home/nvidia/ros_rlr/install/sllidar_ros2/share/sllidar_ros2/launch/view_sllidar_a2m12_launch.py\n'}
[24.553934] (sllidar_ros2) StdoutLine: {'line': b'-- Installing: /home/nvidia/ros_rlr/install/sllidar_ros2/share/sllidar_ros2/launch/view_sllidar_s3_launch.py\n'}
[24.554044] (sllidar_ros2) StdoutLine: {'line': b'-- Installing: /home/nvidia/ros_rlr/install/sllidar_ros2/share/sllidar_ros2/launch/view_sllidar_a2m8_launch.py\n'}
[24.554181] (sllidar_ros2) StdoutLine: {'line': b'-- Installing: /home/nvidia/ros_rlr/install/sllidar_ros2/share/sllidar_ros2/launch/sllidar_s3_launch.py\n'}
[24.555967] (sllidar_ros2) StdoutLine: {'line': b'-- Installing: /home/nvidia/ros_rlr/install/sllidar_ros2/share/sllidar_ros2/launch/sllidar_a2m8_launch.py\n'}
[24.556265] (sllidar_ros2) StdoutLine: {'line': b'-- Installing: /home/nvidia/ros_rlr/install/sllidar_ros2/share/sllidar_ros2/launch/view_sllidar_a3_launch.py\n'}
[24.556389] (sllidar_ros2) StdoutLine: {'line': b'-- Installing: /home/nvidia/ros_rlr/install/sllidar_ros2/share/sllidar_ros2/launch/sllidar_s1_launch.py\n'}
[24.557674] (sllidar_ros2) StdoutLine: {'line': b'-- Installing: /home/nvidia/ros_rlr/install/sllidar_ros2/share/sllidar_ros2/launch/view_sllidar_c1_launch.py\n'}
[24.557891] (sllidar_ros2) StdoutLine: {'line': b'-- Installing: /home/nvidia/ros_rlr/install/sllidar_ros2/share/sllidar_ros2/launch/view_sllidar_s1_tcp_launch.py\n'}
[24.562385] (sllidar_ros2) StdoutLine: {'line': b'-- Installing: /home/nvidia/ros_rlr/install/sllidar_ros2/share/sllidar_ros2/launch/view_sllidar_a1_launch.py\n'}
[24.562646] (-) TimerEvent: {}
[24.562836] (sllidar_ros2) StdoutLine: {'line': b'-- Installing: /home/nvidia/ros_rlr/install/sllidar_ros2/share/sllidar_ros2/launch/sllidar_s2_launch.py\n'}
[24.567277] (sllidar_ros2) StdoutLine: {'line': b'-- Installing: /home/nvidia/ros_rlr/install/sllidar_ros2/share/sllidar_ros2/launch/sllidar_a2m12_launch .py\n'}
[24.567410] (sllidar_ros2) StdoutLine: {'line': b'-- Installing: /home/nvidia/ros_rlr/install/sllidar_ros2/share/sllidar_ros2/launch/view_sllidar_t1_launch.py\n'}
[24.567500] (sllidar_ros2) StdoutLine: {'line': b'-- Installing: /home/nvidia/ros_rlr/install/sllidar_ros2/share/sllidar_ros2/launch/sllidar_c1_launch.py\n'}
[24.567583] (sllidar_ros2) StdoutLine: {'line': b'-- Installing: /home/nvidia/ros_rlr/install/sllidar_ros2/share/sllidar_ros2/launch/sllidar_a3_launch.py\n'}
[24.567666] (rplidar_ros) CommandEnded: {'returncode': 0}
[24.568046] (sllidar_ros2) StdoutLine: {'line': b'-- Installing: /home/nvidia/ros_rlr/install/sllidar_ros2/share/sllidar_ros2/launch/sllidar_a2m7_launch.py\n'}
[24.568172] (sllidar_ros2) StdoutLine: {'line': b'-- Installing: /home/nvidia/ros_rlr/install/sllidar_ros2/share/sllidar_ros2/rviz\n'}
[24.568257] (sllidar_ros2) StdoutLine: {'line': b'-- Installing: /home/nvidia/ros_rlr/install/sllidar_ros2/share/sllidar_ros2/rviz/sllidar_ros2.rviz\n'}
[24.568338] (sllidar_ros2) StdoutLine: {'line': b'-- Installing: /home/nvidia/ros_rlr/install/sllidar_ros2/lib/sllidar_ros2/sllidar_node\n'}
[24.568415] (sllidar_ros2) StdoutLine: {'line': b'-- Set runtime path of "/home/nvidia/ros_rlr/install/sllidar_ros2/lib/sllidar_ros2/sllidar_node" to ""\n'}
[24.568492] (sllidar_ros2) StdoutLine: {'line': b'-- Installing: /home/nvidia/ros_rlr/install/sllidar_ros2/lib/sllidar_ros2/sllidar_client\n'}
[24.575153] (sllidar_ros2) StdoutLine: {'line': b'-- Set runtime path of "/home/nvidia/ros_rlr/install/sllidar_ros2/lib/sllidar_ros2/sllidar_client" to ""\n'}
[24.575406] (sllidar_ros2) StdoutLine: {'line': b'-- Installing: /home/nvidia/ros_rlr/install/sllidar_ros2/share/ament_index/resource_index/package_run_dependencies/sllidar_ros2\n'}
[24.575600] (sllidar_ros2) StdoutLine: {'line': b'-- Installing: /home/nvidia/ros_rlr/install/sllidar_ros2/share/ament_index/resource_index/parent_prefix_path/sllidar_ros2\n'}
[24.578686] (sllidar_ros2) StdoutLine: {'line': b'-- Installing: /home/nvidia/ros_rlr/install/sllidar_ros2/share/sllidar_ros2/environment/ament_prefix_path.sh\n'}
[24.578917] (sllidar_ros2) StdoutLine: {'line': b'-- Installing: /home/nvidia/ros_rlr/install/sllidar_ros2/share/sllidar_ros2/environment/ament_prefix_path.dsv\n'}
[24.579031] (sllidar_ros2) StdoutLine: {'line': b'-- Installing: /home/nvidia/ros_rlr/install/sllidar_ros2/share/sllidar_ros2/environment/path.sh\n'}
[24.579157] (sllidar_ros2) StdoutLine: {'line': b'-- Installing: /home/nvidia/ros_rlr/install/sllidar_ros2/share/sllidar_ros2/environment/path.dsv\n'}
[24.579239] (sllidar_ros2) StdoutLine: {'line': b'-- Installing: /home/nvidia/ros_rlr/install/sllidar_ros2/share/sllidar_ros2/local_setup.bash\n'}
[24.579318] (sllidar_ros2) StdoutLine: {'line': b'-- Installing: /home/nvidia/ros_rlr/install/sllidar_ros2/share/sllidar_ros2/local_setup.sh\n'}
[24.579396] (sllidar_ros2) StdoutLine: {'line': b'-- Installing: /home/nvidia/ros_rlr/install/sllidar_ros2/share/sllidar_ros2/local_setup.zsh\n'}
[24.579473] (sllidar_ros2) StdoutLine: {'line': b'-- Installing: /home/nvidia/ros_rlr/install/sllidar_ros2/share/sllidar_ros2/local_setup.dsv\n'}
[24.579561] (sllidar_ros2) StdoutLine: {'line': b'-- Installing: /home/nvidia/ros_rlr/install/sllidar_ros2/share/sllidar_ros2/package.dsv\n'}
[24.579783] (sllidar_ros2) StdoutLine: {'line': b'-- Installing: /home/nvidia/ros_rlr/install/sllidar_ros2/share/ament_index/resource_index/packages/sllidar_ros2\n'}
[24.581220] (sllidar_ros2) StdoutLine: {'line': b'-- Installing: /home/nvidia/ros_rlr/install/sllidar_ros2/share/sllidar_ros2/cmake/ament_cmake_export_dependencies-extras.cmake\n'}
[24.581492] (sllidar_ros2) StdoutLine: {'line': b'-- Installing: /home/nvidia/ros_rlr/install/sllidar_ros2/share/sllidar_ros2/cmake/ament_cmake_export_include_directories-extras.cmake\n'}
[24.581594] (sllidar_ros2) StdoutLine: {'line': b'-- Installing: /home/nvidia/ros_rlr/install/sllidar_ros2/share/sllidar_ros2/cmake/sllidar_ros2Config.cmake\n'}
[24.583142] (sllidar_ros2) StdoutLine: {'line': b'-- Installing: /home/nvidia/ros_rlr/install/sllidar_ros2/share/sllidar_ros2/cmake/sllidar_ros2Config-version.cmake\n'}
[24.583380] (sllidar_ros2) StdoutLine: {'line': b'-- Installing: /home/nvidia/ros_rlr/install/sllidar_ros2/share/sllidar_ros2/package.xml\n'}
[24.590011] (sllidar_ros2) CommandEnded: {'returncode': 0}
[24.646962] (rplidar_ros) JobProgress: {'identifier': 'rplidar_ros', 'progress': 'install'}
[24.650762] (rplidar_ros) Command: {'cmd': ['/usr/bin/cmake', '--install', '/home/nvidia/ros_rlr/build/rplidar_ros'], 'cwd': '/home/nvidia/ros_rlr/build/rplidar_ros', 'env': OrderedDict([('LESSOPEN', '| /usr/bin/lesspipe %s'), ('USER', 'nvidia'), ('SSH_AGENT_PID', '1509'), ('XDG_SESSION_TYPE', 'x11'), ('GIT_ASKPASS', '/usr/share/code/resources/app/extensions/git/dist/askpass.sh'), ('SHLVL', '2'), ('LD_LIBRARY_PATH', '/home/nvidia/ros_rlr/install/rplidar_ros/lib:/home/nvidia/ros_rlr/install/micro_ros_agent/lib:/home/nvidia/ros_rlr/install/micro_ros_msgs/lib:/opt/ros/humble/opt/rviz_ogre_vendor/lib:/opt/ros/humble/lib/x86_64-linux-gnu:/opt/ros/humble/lib'), ('HOME', '/home/nvidia'), ('CHROME_DESKTOP', 'code.desktop'), ('TERM_PROGRAM_VERSION', '1.95.1'), ('PANEL_GDK_CORE_DEVICE_EVENTS', '0'), ('ROS_PYTHON_VERSION', '3'), ('GTK_MODULES', 'gail:atk-bridge'), ('VSCODE_GIT_ASKPASS_MAIN', '/usr/share/code/resources/app/extensions/git/dist/askpass-main.js'), ('VSCODE_GIT_ASKPASS_NODE', '/usr/share/code/code'), ('XRDP_PULSE_SOURCE_SOCKET', 'xrdp_chansrv_audio_in_socket_10'), ('XRDP_PULSE_SINK_SOCKET', 'xrdp_chansrv_audio_out_socket_10'), ('DBUS_SESSION_BUS_ADDRESS', 'unix:path=/run/user/1000/bus'), ('COLORTERM', 'truecolor'), ('PULSE_SCRIPT', '/etc/xrdp/pulse/default.pa'), ('COLCON_PREFIX_PATH', '/home/nvidia/ros_rlr/install'), ('ROS_DISTRO', 'humble'), ('GTK_IM_MODULE', 'ibus'), ('LOGNAME', 'nvidia'), ('_', '/usr/bin/colcon'), ('ROS_VERSION', '2'), ('XDG_SESSION_CLASS', 'user'), ('TERM', 'xterm-256color'), ('XDG_SESSION_ID', 'c3'), ('ROS_LOCALHOST_ONLY', '0'), ('PATH', '/opt/ros/humble/bin:/usr/local/sbin:/usr/local/bin:/usr/sbin:/usr/bin:/sbin:/bin:/usr/games:/usr/local/games:/snap/bin:/home/nvidia/.platformio/penv/bin:/home/nvidia/.platformio/penv/bin:/home/nvidia/.platformio/penv/bin:/home/nvidia/.platformio/penv/bin'), ('SESSION_MANAGER', 'local/IR:@/tmp/.ICE-unix/1527,unix/IR:/tmp/.ICE-unix/1527'), ('XRDP_SOCKET_PATH', '/run/xrdp/sockdir'), ('XDG_RUNTIME_DIR', '/run/user/1000'), ('GDK_BACKEND', 'x11'), ('DISPLAY', ':10.0'), ('LANG', 'en_US.UTF-8'), ('XMODIFIERS', '@im=ibus'), ('LS_COLORS', 'rs=0:di=01;34:ln=01;36:mh=00:pi=40;33:so=01;35:do=01;35:bd=40;33;01:cd=40;33;01:or=40;31;01:mi=00:su=37;41:sg=30;43:ca=30;41:tw=30;42:ow=34;42:st=37;44:ex=01;32:*.tar=01;31:*.tgz=01;31:*.arc=01;31:*.arj=01;31:*.taz=01;31:*.lha=01;31:*.lz4=01;31:*.lzh=01;31:*.lzma=01;31:*.tlz=01;31:*.txz=01;31:*.tzo=01;31:*.t7z=01;31:*.zip=01;31:*.z=01;31:*.dz=01;31:*.gz=01;31:*.lrz=01;31:*.lz=01;31:*.lzo=01;31:*.xz=01;31:*.zst=01;31:*.tzst=01;31:*.bz2=01;31:*.bz=01;31:*.tbz=01;31:*.tbz2=01;31:*.tz=01;31:*.deb=01;31:*.rpm=01;31:*.jar=01;31:*.war=01;31:*.ear=01;31:*.sar=01;31:*.rar=01;31:*.alz=01;31:*.ace=01;31:*.zoo=01;31:*.cpio=01;31:*.7z=01;31:*.rz=01;31:*.cab=01;31:*.wim=01;31:*.swm=01;31:*.dwm=01;31:*.esd=01;31:*.jpg=01;35:*.jpeg=01;35:*.mjpg=01;35:*.mjpeg=01;35:*.gif=01;35:*.bmp=01;35:*.pbm=01;35:*.pgm=01;35:*.ppm=01;35:*.tga=01;35:*.xbm=01;35:*.xpm=01;35:*.tif=01;35:*.tiff=01;35:*.png=01;35:*.svg=01;35:*.svgz=01;35:*.mng=01;35:*.pcx=01;35:*.mov=01;35:*.mpg=01;35:*.mpeg=01;35:*.m2v=01;35:*.mkv=01;35:*.webm=01;35:*.webp=01;35:*.ogm=01;35:*.mp4=01;35:*.m4v=01;35:*.mp4v=01;35:*.vob=01;35:*.qt=01;35:*.nuv=01;35:*.wmv=01;35:*.asf=01;35:*.rm=01;35:*.rmvb=01;35:*.flc=01;35:*.avi=01;35:*.fli=01;35:*.flv=01;35:*.gl=01;35:*.dl=01;35:*.xcf=01;35:*.xwd=01;35:*.yuv=01;35:*.cgm=01;35:*.emf=01;35:*.ogv=01;35:*.ogx=01;35:*.aac=00;36:*.au=00;36:*.flac=00;36:*.m4a=00;36:*.mid=00;36:*.midi=00;36:*.mka=00;36:*.mp3=00;36:*.mpc=00;36:*.ogg=00;36:*.ra=00;36:*.wav=00;36:*.oga=00;36:*.opus=00;36:*.spx=00;36:*.xspf=00;36:'), ('VSCODE_GIT_IPC_HANDLE', '/run/user/1000/vscode-git-a1e06648de.sock'), ('TERM_PROGRAM', 'vscode'), ('SSH_AUTH_SOCK', '/tmp/ssh-XXXXXXYlVsRw/agent.1370'), ('AMENT_PREFIX_PATH', '/home/nvidia/ros_rlr/install/cube_localizer:/home/nvidia/ros_rlr/install/sllidar_ros2:/home/nvidia/ros_rlr/install/rplidar_ros:/home/nvidia/ros_rlr/install/micro_ros_setup:/home/nvidia/ros_rlr/install/micro_ros_agent:/home/nvidia/ros_rlr/install/micro_ros_msgs:/opt/ros/humble'), ('ORIGINAL_XDG_CURRENT_DESKTOP', 'undefined'), ('UID', '1000'), ('SHELL', '/bin/bash'), ('QT_ACCESSIBILITY', '1'), ('LESSCLOSE', '/usr/bin/lesspipe %s %s'), ('XRDP_SESSION', '1'), ('VSCODE_GIT_ASKPASS_EXTRA_ARGS', ''), ('QT_IM_MODULE', 'ibus'), ('PWD', '/home/nvidia/ros_rlr/build/rplidar_ros'), ('LC_ALL', 'en_US.UTF-8'), ('CLUTTER_IM_MODULE', 'ibus'), ('XDG_DATA_DIRS', '/usr/share/gnome:/usr/local/share:/usr/share:/var/lib/snapd/desktop'), ('PYTHONPATH', '/home/nvidia/ros_rlr/install/cube_localizer/lib/python3.10/site-packages:/home/nvidia/ros_rlr/install/micro_ros_msgs/local/lib/python3.10/dist-packages:/opt/ros/humble/lib/python3.10/site-packages:/opt/ros/humble/local/lib/python3.10/dist-packages'), ('COLCON', '1'), ('CMAKE_PREFIX_PATH', '/home/nvidia/ros_rlr/install/sllidar_ros2:/home/nvidia/ros_rlr/install/rplidar_ros:/home/nvidia/ros_rlr/install/micro_ros_setup:/home/nvidia/ros_rlr/install/micro_ros_agent:/home/nvidia/ros_rlr/install/micro_ros_msgs:/home/nvidia/ros_rlr/install/cube_localizer:/opt/ros/humble')]), 'shell': False}
[24.661008] (rplidar_ros) StdoutLine: {'line': b'-- Install configuration: ""\n'}
[24.661354] (rplidar_ros) StdoutLine: {'line': b'-- Installing: /home/nvidia/ros_rlr/install/rplidar_ros/lib/rplidar_ros/rplidar_composition\n'}
[24.661532] (rplidar_ros) StdoutLine: {'line': b'-- Set runtime path of "/home/nvidia/ros_rlr/install/rplidar_ros/lib/rplidar_ros/rplidar_composition" to ""\n'}
[24.661787] (rplidar_ros) StdoutLine: {'line': b'-- Installing: /home/nvidia/ros_rlr/install/rplidar_ros/share/rplidar_ros/launch\n'}
[24.661926] (rplidar_ros) StdoutLine: {'line': b'-- Installing: /home/nvidia/ros_rlr/install/rplidar_ros/share/rplidar_ros/launch/view_rplidar.launch.py\n'}
[24.662094] (rplidar_ros) StdoutLine: {'line': b'-- Installing: /home/nvidia/ros_rlr/install/rplidar_ros/share/rplidar_ros/launch/view_rplidar_a3.launch.py\n'}
[24.662268] (rplidar_ros) StdoutLine: {'line': b'-- Installing: /home/nvidia/ros_rlr/install/rplidar_ros/share/rplidar_ros/launch/test_rplidar_a3.launch.py\n'}
[24.662356] (rplidar_ros) StdoutLine: {'line': b'-- Installing: /home/nvidia/ros_rlr/install/rplidar_ros/share/rplidar_ros/launch/rplidar_s1.launch.py\n'}
[24.662996] (-) TimerEvent: {}
[24.664408] (rplidar_ros) StdoutLine: {'line': b'-- Installing: /home/nvidia/ros_rlr/install/rplidar_ros/share/rplidar_ros/launch/rplidar.launch.py\n'}
[24.664601] (rplidar_ros) StdoutLine: {'line': b'-- Installing: /home/nvidia/ros_rlr/install/rplidar_ros/share/rplidar_ros/launch/rplidar_a3.launch.py\n'}
[24.664695] (rplidar_ros) StdoutLine: {'line': b'-- Installing: /home/nvidia/ros_rlr/install/rplidar_ros/share/rplidar_ros/launch/view_rplidar_s1_tcp.launch.py\n'}
[24.664778] (rplidar_ros) StdoutLine: {'line': b'-- Installing: /home/nvidia/ros_rlr/install/rplidar_ros/share/rplidar_ros/launch/rplidar_s1_tcp.launch.py\n'}
[24.664858] (rplidar_ros) StdoutLine: {'line': b'-- Installing: /home/nvidia/ros_rlr/install/rplidar_ros/share/rplidar_ros/launch/view_rplidar_s1.launch.py\n'}
[24.664945] (rplidar_ros) StdoutLine: {'line': b'-- Installing: /home/nvidia/ros_rlr/install/rplidar_ros/share/rplidar_ros/rviz\n'}
[24.665023] (rplidar_ros) StdoutLine: {'line': b'-- Installing: /home/nvidia/ros_rlr/install/rplidar_ros/share/rplidar_ros/rviz/rplidar.rviz\n'}
[24.666540] (rplidar_ros) StdoutLine: {'line': b'-- Installing: /home/nvidia/ros_rlr/install/rplidar_ros/lib/librplidar_composition_node.so\n'}
[24.667102] (rplidar_ros) StdoutLine: {'line': b'-- Set runtime path of "/home/nvidia/ros_rlr/install/rplidar_ros/lib/librplidar_composition_node.so" to ""\n'}
[24.668254] (rplidar_ros) StdoutLine: {'line': b'-- Installing: /home/nvidia/ros_rlr/install/rplidar_ros/include\n'}
[24.668510] (rplidar_ros) StdoutLine: {'line': b'-- Installing: /home/nvidia/ros_rlr/install/rplidar_ros/include/visibility.h\n'}
[24.668605] (rplidar_ros) StdoutLine: {'line': b'-- Installing: /home/nvidia/ros_rlr/install/rplidar_ros/include/rplidar_node.hpp\n'}
[24.668753] (rplidar_ros) StdoutLine: {'line': b'-- Up-to-date: /home/nvidia/ros_rlr/install/rplidar_ros/lib/rplidar_ros/rplidar_composition\n'}
[24.669101] (rplidar_ros) StdoutLine: {'line': b'-- Installing: /home/nvidia/ros_rlr/install/rplidar_ros/share/ament_index/resource_index/package_run_dependencies/rplidar_ros\n'}
[24.669303] (rplidar_ros) StdoutLine: {'line': b'-- Installing: /home/nvidia/ros_rlr/install/rplidar_ros/share/ament_index/resource_index/parent_prefix_path/rplidar_ros\n'}
[24.669514] (rplidar_ros) StdoutLine: {'line': b'-- Installing: /home/nvidia/ros_rlr/install/rplidar_ros/share/rplidar_ros/environment/ament_prefix_path.sh\n'}
[24.669659] (rplidar_ros) StdoutLine: {'line': b'-- Installing: /home/nvidia/ros_rlr/install/rplidar_ros/share/rplidar_ros/environment/ament_prefix_path.dsv\n'}
[24.669815] (rplidar_ros) StdoutLine: {'line': b'-- Installing: /home/nvidia/ros_rlr/install/rplidar_ros/share/rplidar_ros/environment/path.sh\n'}
[24.669968] (rplidar_ros) StdoutLine: {'line': b'-- Installing: /home/nvidia/ros_rlr/install/rplidar_ros/share/rplidar_ros/environment/path.dsv\n'}
[24.672006] (rplidar_ros) StdoutLine: {'line': b'-- Installing: /home/nvidia/ros_rlr/install/rplidar_ros/share/rplidar_ros/local_setup.bash\n'}
[24.673367] (rplidar_ros) StdoutLine: {'line': b'-- Installing: /home/nvidia/ros_rlr/install/rplidar_ros/share/rplidar_ros/local_setup.sh\n'}
[24.673968] (rplidar_ros) StdoutLine: {'line': b'-- Installing: /home/nvidia/ros_rlr/install/rplidar_ros/share/rplidar_ros/local_setup.zsh\n'}
[24.674107] (rplidar_ros) StdoutLine: {'line': b'-- Installing: /home/nvidia/ros_rlr/install/rplidar_ros/share/rplidar_ros/local_setup.dsv\n'}
[24.674217] (rplidar_ros) StdoutLine: {'line': b'-- Installing: /home/nvidia/ros_rlr/install/rplidar_ros/share/rplidar_ros/package.dsv\n'}
[24.674306] (rplidar_ros) StdoutLine: {'line': b'-- Installing: /home/nvidia/ros_rlr/install/rplidar_ros/share/ament_index/resource_index/packages/rplidar_ros\n'}
[24.674391] (rplidar_ros) StdoutLine: {'line': b'-- Installing: /home/nvidia/ros_rlr/install/rplidar_ros/share/ament_index/resource_index/rclcpp_components/rplidar_ros\n'}
[24.674470] (rplidar_ros) StdoutLine: {'line': b'-- Installing: /home/nvidia/ros_rlr/install/rplidar_ros/share/rplidar_ros/cmake/ament_cmake_export_dependencies-extras.cmake\n'}
[24.674546] (rplidar_ros) StdoutLine: {'line': b'-- Installing: /home/nvidia/ros_rlr/install/rplidar_ros/share/rplidar_ros/cmake/ament_cmake_export_include_directories-extras.cmake\n'}
[24.674622] (rplidar_ros) StdoutLine: {'line': b'-- Installing: /home/nvidia/ros_rlr/install/rplidar_ros/share/rplidar_ros/cmake/rplidar_rosConfig.cmake\n'}
[24.674694] (rplidar_ros) StdoutLine: {'line': b'-- Installing: /home/nvidia/ros_rlr/install/rplidar_ros/share/rplidar_ros/cmake/rplidar_rosConfig-version.cmake\n'}
[24.674768] (rplidar_ros) StdoutLine: {'line': b'-- Installing: /home/nvidia/ros_rlr/install/rplidar_ros/share/rplidar_ros/package.xml\n'}
[24.680400] (rplidar_ros) CommandEnded: {'returncode': 0}
[24.766817] (-) TimerEvent: {}
[24.784397] (sllidar_ros2) JobEnded: {'identifier': 'sllidar_ros2', 'rc': 0}
[24.878792] (-) TimerEvent: {}
[24.878943] (cube_localizer) JobStarted: {'identifier': 'cube_localizer'}
[24.879019] (rplidar_ros) JobEnded: {'identifier': 'rplidar_ros', 'rc': 0}
[24.978911] (-) TimerEvent: {}
[25.079256] (-) TimerEvent: {}
[25.180894] (-) TimerEvent: {}
[25.281585] (-) TimerEvent: {}
[25.386161] (-) TimerEvent: {}
[25.487128] (-) TimerEvent: {}
[25.587493] (-) TimerEvent: {}
[25.688003] (-) TimerEvent: {}
[25.785417] (cube_localizer) Command: {'cmd': ['/usr/bin/python3', '-W', 'ignore:setup.py install is deprecated', 'setup.py', 'egg_info', '--egg-base', '../../build/cube_localizer', 'build', '--build-base', '/home/nvidia/ros_rlr/build/cube_localizer/build', 'install', '--record', '/home/nvidia/ros_rlr/build/cube_localizer/install.log', '--single-version-externally-managed', 'install_data'], 'cwd': '/home/nvidia/ros_rlr/src/cube_localizer', 'env': {'LESSOPEN': '| /usr/bin/lesspipe %s', 'USER': 'nvidia', 'SSH_AGENT_PID': '1509', 'XDG_SESSION_TYPE': 'x11', 'GIT_ASKPASS': '/usr/share/code/resources/app/extensions/git/dist/askpass.sh', 'SHLVL': '2', 'LD_LIBRARY_PATH': '/home/nvidia/ros_rlr/install/rplidar_ros/lib:/home/nvidia/ros_rlr/install/micro_ros_agent/lib:/home/nvidia/ros_rlr/install/micro_ros_msgs/lib:/opt/ros/humble/opt/rviz_ogre_vendor/lib:/opt/ros/humble/lib/x86_64-linux-gnu:/opt/ros/humble/lib', 'HOME': '/home/nvidia', 'CHROME_DESKTOP': 'code.desktop', 'TERM_PROGRAM_VERSION': '1.95.1', 'PANEL_GDK_CORE_DEVICE_EVENTS': '0', 'ROS_PYTHON_VERSION': '3', 'GTK_MODULES': 'gail:atk-bridge', 'VSCODE_GIT_ASKPASS_MAIN': '/usr/share/code/resources/app/extensions/git/dist/askpass-main.js', 'VSCODE_GIT_ASKPASS_NODE': '/usr/share/code/code', 'XRDP_PULSE_SOURCE_SOCKET': 'xrdp_chansrv_audio_in_socket_10', 'XRDP_PULSE_SINK_SOCKET': 'xrdp_chansrv_audio_out_socket_10', 'DBUS_SESSION_BUS_ADDRESS': 'unix:path=/run/user/1000/bus', 'COLORTERM': 'truecolor', 'PULSE_SCRIPT': '/etc/xrdp/pulse/default.pa', 'COLCON_PREFIX_PATH': '/home/nvidia/ros_rlr/install', 'ROS_DISTRO': 'humble', 'GTK_IM_MODULE': 'ibus', 'LOGNAME': 'nvidia', '_': '/usr/bin/colcon', 'ROS_VERSION': '2', 'XDG_SESSION_CLASS': 'user', 'TERM': 'xterm-256color', 'XDG_SESSION_ID': 'c3', 'ROS_LOCALHOST_ONLY': '0', 'PATH': '/opt/ros/humble/bin:/usr/local/sbin:/usr/local/bin:/usr/sbin:/usr/bin:/sbin:/bin:/usr/games:/usr/local/games:/snap/bin:/home/nvidia/.platformio/penv/bin:/home/nvidia/.platformio/penv/bin:/home/nvidia/.platformio/penv/bin:/home/nvidia/.platformio/penv/bin', 'SESSION_MANAGER': 'local/IR:@/tmp/.ICE-unix/1527,unix/IR:/tmp/.ICE-unix/1527', 'XRDP_SOCKET_PATH': '/run/xrdp/sockdir', 'XDG_RUNTIME_DIR': '/run/user/1000', 'GDK_BACKEND': 'x11', 'DISPLAY': ':10.0', 'LANG': 'en_US.UTF-8', 'XMODIFIERS': '@im=ibus', 'LS_COLORS': 'rs=0:di=01;34:ln=01;36:mh=00:pi=40;33:so=01;35:do=01;35:bd=40;33;01:cd=40;33;01:or=40;31;01:mi=00:su=37;41:sg=30;43:ca=30;41:tw=30;42:ow=34;42:st=37;44:ex=01;32:*.tar=01;31:*.tgz=01;31:*.arc=01;31:*.arj=01;31:*.taz=01;31:*.lha=01;31:*.lz4=01;31:*.lzh=01;31:*.lzma=01;31:*.tlz=01;31:*.txz=01;31:*.tzo=01;31:*.t7z=01;31:*.zip=01;31:*.z=01;31:*.dz=01;31:*.gz=01;31:*.lrz=01;31:*.lz=01;31:*.lzo=01;31:*.xz=01;31:*.zst=01;31:*.tzst=01;31:*.bz2=01;31:*.bz=01;31:*.tbz=01;31:*.tbz2=01;31:*.tz=01;31:*.deb=01;31:*.rpm=01;31:*.jar=01;31:*.war=01;31:*.ear=01;31:*.sar=01;31:*.rar=01;31:*.alz=01;31:*.ace=01;31:*.zoo=01;31:*.cpio=01;31:*.7z=01;31:*.rz=01;31:*.cab=01;31:*.wim=01;31:*.swm=01;31:*.dwm=01;31:*.esd=01;31:*.jpg=01;35:*.jpeg=01;35:*.mjpg=01;35:*.mjpeg=01;35:*.gif=01;35:*.bmp=01;35:*.pbm=01;35:*.pgm=01;35:*.ppm=01;35:*.tga=01;35:*.xbm=01;35:*.xpm=01;35:*.tif=01;35:*.tiff=01;35:*.png=01;35:*.svg=01;35:*.svgz=01;35:*.mng=01;35:*.pcx=01;35:*.mov=01;35:*.mpg=01;35:*.mpeg=01;35:*.m2v=01;35:*.mkv=01;35:*.webm=01;35:*.webp=01;35:*.ogm=01;35:*.mp4=01;35:*.m4v=01;35:*.mp4v=01;35:*.vob=01;35:*.qt=01;35:*.nuv=01;35:*.wmv=01;35:*.asf=01;35:*.rm=01;35:*.rmvb=01;35:*.flc=01;35:*.avi=01;35:*.fli=01;35:*.flv=01;35:*.gl=01;35:*.dl=01;35:*.xcf=01;35:*.xwd=01;35:*.yuv=01;35:*.cgm=01;35:*.emf=01;35:*.ogv=01;35:*.ogx=01;35:*.aac=00;36:*.au=00;36:*.flac=00;36:*.m4a=00;36:*.mid=00;36:*.midi=00;36:*.mka=00;36:*.mp3=00;36:*.mpc=00;36:*.ogg=00;36:*.ra=00;36:*.wav=00;36:*.oga=00;36:*.opus=00;36:*.spx=00;36:*.xspf=00;36:', 'VSCODE_GIT_IPC_HANDLE': '/run/user/1000/vscode-git-a1e06648de.sock', 'TERM_PROGRAM': 'vscode', 'SSH_AUTH_SOCK': '/tmp/ssh-XXXXXXYlVsRw/agent.1370', 'AMENT_PREFIX_PATH': '/home/nvidia/ros_rlr/install/cube_localizer:/home/nvidia/ros_rlr/install/sllidar_ros2:/home/nvidia/ros_rlr/install/rplidar_ros:/home/nvidia/ros_rlr/install/micro_ros_setup:/home/nvidia/ros_rlr/install/micro_ros_agent:/home/nvidia/ros_rlr/install/micro_ros_msgs:/opt/ros/humble', 'ORIGINAL_XDG_CURRENT_DESKTOP': 'undefined', 'UID': '1000', 'SHELL': '/bin/bash', 'QT_ACCESSIBILITY': '1', 'LESSCLOSE': '/usr/bin/lesspipe %s %s', 'XRDP_SESSION': '1', 'VSCODE_GIT_ASKPASS_EXTRA_ARGS': '', 'QT_IM_MODULE': 'ibus', 'PWD': '/home/nvidia/ros_rlr/build/cube_localizer', 'LC_ALL': 'en_US.UTF-8', 'CLUTTER_IM_MODULE': 'ibus', 'XDG_DATA_DIRS': '/usr/share/gnome:/usr/local/share:/usr/share:/var/lib/snapd/desktop', 'PYTHONPATH': '/home/nvidia/ros_rlr/build/cube_localizer/prefix_override:/usr/lib/python3/dist-packages/colcon_core/task/python/colcon_distutils_commands:/home/nvidia/ros_rlr/install/cube_localizer/lib/python3.10/site-packages:/home/nvidia/ros_rlr/install/cube_localizer/lib/python3.10/site-packages:/home/nvidia/ros_rlr/install/micro_ros_msgs/local/lib/python3.10/dist-packages:/opt/ros/humble/lib/python3.10/site-packages:/opt/ros/humble/local/lib/python3.10/dist-packages', 'COLCON': '1', 'CMAKE_PREFIX_PATH': '/home/nvidia/ros_rlr/install/sllidar_ros2:/home/nvidia/ros_rlr/install/rplidar_ros:/home/nvidia/ros_rlr/install/micro_ros_setup:/home/nvidia/ros_rlr/install/micro_ros_agent:/home/nvidia/ros_rlr/install/micro_ros_msgs'}, 'shell': False}
[25.789147] (-) TimerEvent: {}
[25.889485] (-) TimerEvent: {}
[25.989822] (-) TimerEvent: {}
[26.091414] (-) TimerEvent: {}
[26.102531] (cube_localizer) StdoutLine: {'line': b'running egg_info\n'}
[26.104124] (cube_localizer) StdoutLine: {'line': b'creating ../../build/cube_localizer/cube_localizer.egg-info\n'}
[26.104377] (cube_localizer) StdoutLine: {'line': b'writing ../../build/cube_localizer/cube_localizer.egg-info/PKG-INFO\n'}
[26.104496] (cube_localizer) StdoutLine: {'line': b'writing dependency_links to ../../build/cube_localizer/cube_localizer.egg-info/dependency_links.txt\n'}
[26.104724] (cube_localizer) StdoutLine: {'line': b'writing entry points to ../../build/cube_localizer/cube_localizer.egg-info/entry_points.txt\n'}
[26.104864] (cube_localizer) StdoutLine: {'line': b'writing requirements to ../../build/cube_localizer/cube_localizer.egg-info/requires.txt\n'}
[26.104966] (cube_localizer) StdoutLine: {'line': b'writing top-level names to ../../build/cube_localizer/cube_localizer.egg-info/top_level.txt\n'}
[26.106107] (cube_localizer) StdoutLine: {'line': b"writing manifest file '../../build/cube_localizer/cube_localizer.egg-info/SOURCES.txt'\n"}
[26.107294] (cube_localizer) StdoutLine: {'line': b"reading manifest file '../../build/cube_localizer/cube_localizer.egg-info/SOURCES.txt'\n"}
[26.108324] (cube_localizer) StdoutLine: {'line': b"writing manifest file '../../build/cube_localizer/cube_localizer.egg-info/SOURCES.txt'\n"}
[26.108667] (cube_localizer) StdoutLine: {'line': b'running build\n'}
[26.108792] (cube_localizer) StdoutLine: {'line': b'running build_py\n'}
[26.109252] (cube_localizer) StdoutLine: {'line': b'creating /home/nvidia/ros_rlr/build/cube_localizer/build\n'}
[26.109778] (cube_localizer) StdoutLine: {'line': b'creating /home/nvidia/ros_rlr/build/cube_localizer/build/lib\n'}
[26.109883] (cube_localizer) StdoutLine: {'line': b'creating /home/nvidia/ros_rlr/build/cube_localizer/build/lib/cube_localizer\n'}
[26.109964] (cube_localizer) StdoutLine: {'line': b'copying cube_localizer/cube_localizer.py -> /home/nvidia/ros_rlr/build/cube_localizer/build/lib/cube_localizer\n'}
[26.110047] (cube_localizer) StdoutLine: {'line': b'copying cube_localizer/__init__.py -> /home/nvidia/ros_rlr/build/cube_localizer/build/lib/cube_localizer\n'}
[26.110161] (cube_localizer) StdoutLine: {'line': b'running install\n'}
[26.112094] (cube_localizer) StdoutLine: {'line': b'running install_lib\n'}
[26.112297] (cube_localizer) StdoutLine: {'line': b'creating /home/nvidia/ros_rlr/install/cube_localizer/lib/python3.10/site-packages/cube_localizer\n'}
[26.112398] (cube_localizer) StdoutLine: {'line': b'copying /home/nvidia/ros_rlr/build/cube_localizer/build/lib/cube_localizer/cube_localizer.py -> /home/nvidia/ros_rlr/install/cube_localizer/lib/python3.10/site-packages/cube_localizer\n'}
[26.112497] (cube_localizer) StdoutLine: {'line': b'copying /home/nvidia/ros_rlr/build/cube_localizer/build/lib/cube_localizer/__init__.py -> /home/nvidia/ros_rlr/install/cube_localizer/lib/python3.10/site-packages/cube_localizer\n'}
[26.112651] (cube_localizer) StdoutLine: {'line': b'byte-compiling /home/nvidia/ros_rlr/install/cube_localizer/lib/python3.10/site-packages/cube_localizer/cube_localizer.py to cube_localizer.cpython-310.pyc\n'}
[26.114844] (cube_localizer) StdoutLine: {'line': b'byte-compiling /home/nvidia/ros_rlr/install/cube_localizer/lib/python3.10/site-packages/cube_localizer/__init__.py to __init__.cpython-310.pyc\n'}
[26.115275] (cube_localizer) StdoutLine: {'line': b'running install_data\n'}
[26.115439] (cube_localizer) StdoutLine: {'line': b'creating /home/nvidia/ros_rlr/install/cube_localizer/share/ament_index\n'}
[26.115536] (cube_localizer) StdoutLine: {'line': b'creating /home/nvidia/ros_rlr/install/cube_localizer/share/ament_index/resource_index\n'}
[26.115671] (cube_localizer) StdoutLine: {'line': b'creating /home/nvidia/ros_rlr/install/cube_localizer/share/ament_index/resource_index/packages\n'}
[26.115752] (cube_localizer) StdoutLine: {'line': b'copying resource/cube_localizer -> /home/nvidia/ros_rlr/install/cube_localizer/share/ament_index/resource_index/packages\n'}
[26.116017] (cube_localizer) StdoutLine: {'line': b'copying package.xml -> /home/nvidia/ros_rlr/install/cube_localizer/share/cube_localizer\n'}
[26.116141] (cube_localizer) StdoutLine: {'line': b'copying launch/cube_localizer.launch.py -> /home/nvidia/ros_rlr/install/cube_localizer/share/cube_localizer\n'}
[26.116259] (cube_localizer) StdoutLine: {'line': b'copying config.rviz -> /home/nvidia/ros_rlr/install/cube_localizer/share/cube_localizer\n'}
[26.116791] (cube_localizer) StdoutLine: {'line': b'running install_egg_info\n'}
[26.120193] (cube_localizer) StdoutLine: {'line': b'Copying ../../build/cube_localizer/cube_localizer.egg-info to /home/nvidia/ros_rlr/install/cube_localizer/lib/python3.10/site-packages/cube_localizer-0.0.0-py3.10.egg-info\n'}
[26.121208] (cube_localizer) StdoutLine: {'line': b'running install_scripts\n'}
[26.152004] (cube_localizer) StdoutLine: {'line': b'Installing cube_localizer script to /home/nvidia/ros_rlr/install/cube_localizer/lib/cube_localizer\n'}
[26.153106] (cube_localizer) StdoutLine: {'line': b"writing list of installed files to '/home/nvidia/ros_rlr/build/cube_localizer/install.log'\n"}
[26.194141] (-) TimerEvent: {}
[26.201206] (cube_localizer) CommandEnded: {'returncode': 0}
[26.211770] (cube_localizer) JobEnded: {'identifier': 'cube_localizer', 'rc': 0}
[26.212910] (-) EventReactorShutdown: {}
